,X_Ray_Class,X_Ray_Intensity,NOAA_Number_flare,Date_x,magnetic_classification,NOAA,zurich_class,penumbra_class,compactness_class,No_of_spots,longitudanal_extent,Area,Status
6,M,30.0,8858.0,2000-02-04 07:17:00, B  ,8858,D,A,O,2.0,9.0,90.0,Associated
8,M,25.0,9026.0,2000-06-01 00:53:00, A  ,9026,H,S,X,1.0,7.0,120.0,Associated
11,M,55.0,9090.0,2000-07-16 01:18:00, A  ,9090,H,S,X,1.0,1.0,40.0,Associated
24,M,13.0,9289.0,2000-12-26 12:42:00, B  ,9289,D,S,O,2.0,4.0,50.0,Associated
31,M,11.0,9390.0,2001-03-20 07:35:00, A  ,9390,H,A,X,1.0,1.0,30.0,Associated
32,X,12.0,9415.0,2001-04-03 00:33:00, A  ,9415,H,S,X,2.0,4.0,180.0,Associated
36,M,45.0,9616.0,2001-09-11 14:50:00, A  ,9616,H,A,X,1.0,2.0,40.0,Associated
37,M,14.0,9628.0,2001-09-18 12:15:00, B  ,9628,D,S,O,4.0,7.0,130.0,Associated
47,M,11.0,10083.0,2002-08-17 00:20:00, A  ,10083,H,A,X,1.0,2.0,30.0,Associated
48,M,32.0,10095.0,2002-08-29 08:45:00, A  ,10095,H,A,X,1.0,3.0,120.0,Associated
57,M,11.0,10337.0,2003-04-18 14:36:00, A  ,10337,H,K,X,2.0,1.0,180.0,Associated
59,M,10.0,10386.0,2003-06-16 00:17:00, B  ,10386,D,A,O,14.0,8.0,150.0,Associated
64,M,99.0,10486.0,2003-10-22 16:08:00, A  ,10486,H,K,X,1.0,5.0,150.0,Associated
65,M,21.0,10486.0,2003-10-22 16:08:00, A  ,10486,H,K,X,1.0,5.0,150.0,Associated
66,M,16.0,10501.0,2003-11-13 02:30:00, B  ,10501,D,S,O,2.0,16.0,150.0,Associated
67,M,14.0,10501.0,2003-11-13 02:30:00, B  ,10501,D,S,O,2.0,16.0,150.0,Associated
76,M,15.0,10578.0,2004-03-18 14:30:00, A  ,10578,H,A,X,2.0,2.0,60.0,Associated
78,M,23.0,10582.0,2004-03-25 00:55:00, A  ,10582,H,S,X,1.0,2.0,60.0,Associated
82,M,10.0,10634.0,2004-06-13 08:03:00, B  ,10634,B,X,O,2.0,2.0,30.0,Associated
103,M,18.0,10930.0,2006-12-05 01:25:00, A  ,10930,A,X,X,1.0,2.0,120.0,Associated
105,M,10.0,10960.0,2007-06-01 01:42:00, A  ,10960,H,S,X,1.0,20.0,60.0,Associated
108,M,34.0,11041.0,2010-01-20 13:23:00, B  ,11041,C,S,O,2.0,10.0,40.0,Associated
115,M,10.0,11121.0,2010-11-05 05:00:00, A  ,11121,A,X,X,1.0,1.0,20.0,Associated
0,C,11.0,8819.0,2000-01-07 12:49:00, B  ,8819,C,A,O,10.0,6.0,30.0,Associated
1,C,11.0,8819.0,2000-01-07 12:49:00, B  ,8819,C,A,O,10.0,6.0,30.0,Associated
2,C,56.0,8819.0,2000-01-07 12:49:00, B  ,8819,C,A,O,10.0,6.0,30.0,Associated
3,C,29.0,8819.0,2000-01-07 12:49:00, B  ,8819,C,A,O,10.0,6.0,30.0,Associated
4,C,75.0,8829.0,2000-01-11 14:37:00, B  ,8829,C,S,O,2.0,4.0,100.0,Associated
5,C,28.0,8828.0,2000-01-12 10:05:00, B  ,8828,C,S,O,2.0,3.0,20.0,Associated
7,C,86.0,8888.0,2000-02-25 03:40:00, B  ,8888,C,S,O,2.0,3.0,40.0,Associated
9,C,16.0,9033.0,2000-06-05 05:13:00, A  ,9033,H,A,X,1.0,8.0,90.0,Associated
10,C,24.0,9042.0,2000-06-12 14:50:00, A  ,9042,A,X,X,3.0,2.0,60.0,Associated
12,C,28.0,9097.0,2000-07-18 07:36:00, A  ,9097,H,A,X,1.0,2.0,60.0,Associated
13,C,12.0,9143.0,2000-08-24 06:14:00, A  ,9143,H,S,X,1.0,1.0,30.0,Associated
14,C,23.0,9166.0,2000-09-14 13:40:00, B  ,9166,D,S,O,3.0,4.0,60.0,Associated
15,C,21.0,9166.0,2000-09-14 13:40:00, B  ,9166,D,S,O,3.0,4.0,60.0,Associated
16,C,17.0,9198.0,2000-10-14 12:12:00, B  ,9198,C,S,O,3.0,2.0,20.0,Associated
17,C,35.0,9235.0,2000-11-16 14:59:00, B  ,9235,C,A,O,7.0,11.0,130.0,Associated
18,C,24.0,9240.0,2000-11-22 01:58:00, A  ,9240,H,S,X,1.0,4.0,60.0,Associated
19,C,19.0,9267.0,2000-12-11 08:45:00, B  ,9267,D,A,O,8.0,5.0,60.0,Associated
20,C,17.0,9276.0,2000-12-16 16:30:00, B  ,9276,B,X,O,4.0,4.0,30.0,Associated
21,C,20.0,9283.0,2000-12-22 16:45:00, A  ,9283,H,A,X,1.0,2.0,120.0,Associated
22,C,37.0,9283.0,2000-12-22 16:45:00, A  ,9283,H,A,X,1.0,2.0,120.0,Associated
23,C,20.0,9285.0,2000-12-24 00:30:00, B  ,9285,C,S,O,2.0,5.0,50.0,Associated
25,C,25.0,9301.0,2001-01-04 16:11:00, A  ,9301,A,X,X,2.0,1.0,30.0,Associated
26,C,32.0,9302.0,2001-01-05 01:15:00, A  ,9302,H,S,X,1.0,2.0,60.0,Associated
27,C,18.0,9329.0,2001-01-29 00:45:00, B  ,9329,D,S,O,6.0,6.0,20.0,Associated
28,C,78.0,9372.0,2001-03-09 19:40:00, B  ,9372,C,S,O,6.0,8.0,70.0,Associated
29,C,24.0,9372.0,2001-03-09 19:40:00, B  ,9372,C,S,O,6.0,8.0,70.0,Associated
30,C,37.0,9372.0,2001-03-09 19:40:00, B  ,9372,C,S,O,6.0,8.0,70.0,Associated
33,C,11.0,9488.0,2001-06-03 00:25:00, B  ,9488,C,A,O,4.0,3.0,110.0,Associated
34,C,18.0,9518.0,2001-06-27 00:38:00, B  ,9518,D,S,O,4.0,8.0,60.0,Associated
35,C,23.0,9545.0,2001-07-16 01:41:00, B  ,9545,D,R,O,5.0,3.0,20.0,Associated
38,C,13.0,9663.0,2001-10-11 15:00:00, A  ,9663,H,A,X,1.0,2.0,60.0,Associated
39,C,23.0,9678.0,2001-10-23 00:20:00, B  ,9678,B,X,O,6.0,5.0,20.0,Associated
40,C,38.0,9718.0,2001-11-27 20:35:00, A  ,9718,H,A,X,6.0,2.0,60.0,Associated
41,C,14.0,9932.0,2002-05-01 05:49:00, A  ,9932,H,S,X,1.0,1.0,50.0,Associated
42,C,24.0,9932.0,2002-05-01 05:49:00, A  ,9932,H,S,X,1.0,1.0,50.0,Associated
43,C,22.0,9961.0,2002-05-19 09:25:00, B  ,9961,C,S,O,3.0,6.0,60.0,Associated
44,C,15.0,9977.0,2002-06-01 00:50:00, B  ,9977,D,S,O,3.0,3.0,30.0,Associated
45,C,19.0,10037.0,2002-07-16 14:30:00, A  ,10037,H,S,X,1.0,2.0,180.0,Associated
46,C,23.0,10069.0,2002-08-11 11:25:00, B  ,10069,E,K,O,4.0,11.0,430.0,Associated
49,C,40.0,10107.0,2002-09-08 12:10:00, B  ,10107,C,S,O,6.0,7.0,50.0,Associated
50,C,45.0,10114.0,2002-09-14 12:40:00, BG ,10114,D,K,C,40.0,10.0,550.0,Associated
51,C,25.0,10220.0,2002-12-08 15:25:00, B  ,10220,C,S,O,5.0,5.0,30.0,Associated
52,C,13.0,10276.0,2003-02-01 12:11:00, B  ,10276,D,S,O,8.0,9.0,160.0,Associated
53,C,10.0,10276.0,2003-02-01 12:11:00, B  ,10276,D,S,O,8.0,9.0,160.0,Associated
54,C,99.0,10276.0,2003-02-01 12:11:00, B  ,10276,D,S,O,8.0,9.0,160.0,Associated
55,C,14.0,10278.0,2003-02-04 16:40:00, B  ,10278,D,S,O,6.0,9.0,80.0,Associated
56,C,16.0,10277.0,2003-02-04 16:40:00, B  ,10277,B,X,O,2.0,1.0,10.0,Associated
58,C,44.0,10339.0,2003-04-20 13:17:00, B  ,10339,C,S,O,6.0,5.0,20.0,Associated
60,C,10.0,10424.0,2003-08-01 14:30:00, B  ,10424,D,A,O,2.0,6.0,120.0,Associated
61,C,26.0,10424.0,2003-08-01 14:30:00, B  ,10424,D,A,O,2.0,6.0,120.0,Associated
62,C,10.0,10449.0,2003-08-28 01:15:00, B  ,10449,C,A,O,2.0,3.0,60.0,Associated
63,C,20.0,10484.0,2003-10-18 00:37:00, B  ,10484,B,X,I,10.0,1.0,210.0,Associated
68,C,11.0,10540.0,2004-01-12 16:15:00, A  ,10540,H,H,X,6.0,6.0,60.0,Associated
69,C,10.0,10554.0,2004-02-08 01:00:00, B  ,10554,C,A,O,3.0,6.0,180.0,Associated
70,C,10.0,10554.0,2004-02-08 01:00:00, B  ,10554,C,A,O,3.0,6.0,180.0,Associated
71,C,14.0,10554.0,2004-02-08 01:00:00, B  ,10554,C,A,O,3.0,6.0,180.0,Associated
72,C,13.0,10554.0,2004-02-08 01:00:00, B  ,10554,C,A,O,3.0,6.0,180.0,Associated
73,C,27.0,10578.0,2004-03-18 14:30:00, A  ,10578,H,A,X,2.0,2.0,60.0,Associated
74,C,37.0,10578.0,2004-03-18 14:30:00, A  ,10578,H,A,X,2.0,2.0,60.0,Associated
75,C,12.0,10578.0,2004-03-18 14:30:00, A  ,10578,H,A,X,2.0,2.0,60.0,Associated
77,C,32.0,10582.0,2004-03-25 00:55:00, A  ,10582,H,S,X,1.0,2.0,60.0,Associated
79,C,61.0,10582.0,2004-03-25 00:55:00, A  ,10582,H,S,X,1.0,2.0,60.0,Associated
80,C,25.0,10618.0,2004-05-20 00:30:00, B  ,10618,B,X,O,5.0,2.0,30.0,Associated
81,C,11.0,10618.0,2004-05-20 00:30:00, B  ,10618,B,X,O,5.0,2.0,30.0,Associated
83,C,32.0,10649.0,2004-07-12 14:16:00, B  ,10649,C,A,O,4.0,10.0,90.0,Associated
84,C,45.0,10649.0,2004-07-12 14:16:00, B  ,10649,C,A,O,4.0,10.0,90.0,Associated
85,C,17.0,10649.0,2004-07-12 14:16:00, B  ,10649,C,A,O,4.0,10.0,90.0,Associated
86,C,25.0,10649.0,2004-07-12 14:16:00, B  ,10649,C,A,O,4.0,10.0,90.0,Associated
87,C,59.0,10706.0,2004-11-24 00:44:00, A  ,10706,H,A,X,1.0,1.0,60.0,Associated
88,C,72.0,10715.0,2004-12-28 11:17:00, B  ,10715,D,A,O,2.0,3.0,60.0,Associated
89,C,10.0,10719.0,2005-01-08 15:25:00, A  ,10719,H,A,X,1.0,2.0,60.0,Associated
90,C,12.0,10732.0,2005-02-06 08:10:00, B  ,10732,B,X,O,2.0,4.0,30.0,Associated
91,C,37.0,10733.0,2005-02-07 17:30:00, A  ,10733,H,A,X,1.0,1.0,180.0,Associated
92,C,27.0,10745.0,2005-03-21 15:26:00, B  ,10745,B,X,O,2.0,2.0,40.0,Associated
93,C,46.0,10755.0,2005-04-17 16:10:00, A  ,10755,H,A,X,1.0,2.0,30.0,Associated
94,C,80.0,10758.0,2005-05-02 15:11:00, A  ,10758,H,A,X,1.0,2.0,100.0,Associated
95,C,35.0,10776.0,2005-06-05 06:25:00, A  ,10776,H,S,X,1.0,3.0,90.0,Associated
96,C,13.0,10806.0,2005-08-29 14:05:00, BG ,10806,D,A,I,6.0,4.0,70.0,Associated
97,C,65.0,10806.0,2005-08-29 14:05:00, BG ,10806,D,A,I,6.0,4.0,70.0,Associated
98,C,25.0,10822.0,2005-11-12 12:30:00, A  ,10822,H,S,X,1.0,2.0,120.0,Associated
99,C,95.0,10822.0,2005-11-12 12:30:00, A  ,10822,H,S,X,1.0,2.0,120.0,Associated
100,C,22.0,10930.0,2006-12-05 01:25:00, A  ,10930,A,X,X,1.0,2.0,120.0,Associated
101,C,38.0,10930.0,2006-12-05 01:25:00, A  ,10930,A,X,X,1.0,2.0,120.0,Associated
102,C,42.0,10930.0,2006-12-05 01:25:00, A  ,10930,A,X,X,1.0,2.0,120.0,Associated
104,C,15.0,10930.0,2006-12-05 01:25:00, A  ,10930,A,X,X,1.0,2.0,120.0,Associated
106,C,22.0,11041.0,2010-01-20 13:23:00, B  ,11041,C,S,O,2.0,10.0,40.0,Associated
107,C,10.0,11041.0,2010-01-20 13:23:00, B  ,11041,C,S,O,2.0,10.0,40.0,Associated
109,C,34.0,11045.0,2010-02-06 07:58:00, B  ,11045,D,R,I,6.0,7.0,80.0,Associated
110,C,23.0,11069.0,2010-05-05 04:06:00, G  ,11069,D,A,I,5.0,10.0,70.0,Associated
111,C,88.0,11069.0,2010-05-05 04:06:00, G  ,11069,D,A,I,5.0,10.0,70.0,Associated
112,C,61.0,11081.0,2010-06-12 03:50:00, BG ,11081,D,A,I,14.0,10.0,140.0,Associated
113,C,34.0,11087.0,2010-07-09 13:59:00, A  ,11087,A,X,X,1.0,1.0,20.0,Associated
114,C,13.0,11108.0,2010-09-16 19:02:00, B  ,11108,C,K,O,5.0,9.0,290.0,Associated
0,,,,2000-01-06 07:58:00, B  ,8818,B,X,O,2.0,3.0,10.0,Unassociated
1,,,,2000-01-07 00:20:00, B  ,8817,B,X,O,3.0,3.0,20.0,Unassociated
2,,,,2000-01-08 15:49:00, B  ,8814,C,S,O,7.0,6.0,40.0,Unassociated
3,,,,2000-01-09 17:06:00, B  ,8822,C,S,O,2.0,7.0,10.0,Unassociated
4,,,,2000-01-13 00:25:00, B  ,8820,B,X,O,2.0,3.0,10.0,Unassociated
5,,,,2000-01-16 00:05:00, B  ,8826,B,X,O,2.0,1.0,30.0,Unassociated
6,,,,2000-01-16 00:05:00, B  ,8835,B,X,O,2.0,3.0,10.0,Unassociated
7,,,,2000-01-17 01:40:00, B  ,8834,C,R,O,2.0,3.0,30.0,Unassociated
8,,,,2000-01-17 01:40:00, B  ,8825,C,R,O,6.0,3.0,30.0,Unassociated
9,,,,2000-01-17 17:38:00, B  ,8832,B,X,O,2.0,3.0,20.0,Unassociated
10,,,,2000-01-18 16:28:00, B  ,8836,B,X,O,7.0,4.0,10.0,Unassociated
11,,,,2000-01-24 00:20:00, B  ,8838,C,S,O,6.0,4.0,20.0,Unassociated
12,,,,2000-01-25 00:22:00, B  ,8843,B,X,O,5.0,4.0,10.0,Unassociated
13,,,,2000-01-25 00:22:00, B  ,8839,C,S,O,13.0,7.0,60.0,Unassociated
14,,,,2000-01-25 12:30:00, B  ,8840,B,X,O,2.0,5.0,10.0,Unassociated
15,,,,2000-01-27 16:34:00, B  ,8846,B,X,O,2.0,10.0,10.0,Unassociated
16,,,,2000-01-29 16:10:00, B  ,8844,D,S,O,3.0,7.0,42.0,Unassociated
17,,,,2000-01-30 08:30:00, B  ,8847,B,X,O,2.0,3.0,30.0,Unassociated
18,,,,2000-01-30 12:20:00, B  ,8849,B,X,O,2.0,4.0,10.0,Unassociated
19,,,,2000-01-31 01:15:00, B  ,8850,B,X,O,2.0,3.0,10.0,Unassociated
20,,,,2000-02-05 01:20:00, B  ,8860,B,X,O,3.0,3.0,10.0,Unassociated
21,,,,2000-02-05 01:20:00, B  ,8859,D,A,O,2.0,8.0,60.0,Unassociated
22,,,,2000-02-09 01:46:00, B  ,8857,B,X,O,3.0,4.0,10.0,Unassociated
23,,,,2000-02-09 13:29:00, B  ,8852,B,X,O,4.0,8.0,10.0,Unassociated
24,,,,2000-02-09 16:48:00, B  ,8862,C,S,O,2.0,4.0,100.0,Unassociated
25,,,,2000-02-10 01:05:00, B  ,8854,C,R,O,4.0,4.0,20.0,Unassociated
26,,,,2000-02-10 18:47:00, B  ,8864,B,X,O,2.0,6.0,10.0,Unassociated
27,,,,2000-02-11 16:15:00, B  ,8863,B,X,O,4.0,2.0,10.0,Unassociated
28,,,,2000-02-14 12:30:00, B  ,8873,B,X,O,2.0,4.0,10.0,Unassociated
29,,,,2000-02-15 08:16:00, A  ,8871,H,A,O,2.0,2.0,20.0,Unassociated
30,,,,2000-02-17 00:55:00, B  ,8874,B,X,O,4.0,5.0,10.0,Unassociated
31,,,,2000-02-17 00:55:00, B  ,8877,B,X,O,3.0,2.0,10.0,Unassociated
32,,,,2000-02-18 12:45:00, B  ,8878,B,X,O,2.0,2.0,10.0,Unassociated
33,,,,2000-02-20 02:35:00, B  ,8876,B,X,O,3.0,1.0,10.0,Unassociated
34,,,,2000-02-21 00:45:00, B  ,8880,C,R,O,2.0,4.0,30.0,Unassociated
35,,,,2000-02-23 00:51:00, B  ,8870,D,S,O,2.0,5.0,60.0,Unassociated
36,,,,2000-02-25 03:40:00, B  ,8875,D,S,O,6.0,10.0,50.0,Unassociated
37,,,,2000-02-25 03:40:00, B  ,8885,B,S,O,2.0,4.0,20.0,Unassociated
38,,,,2000-02-27 11:52:00, B  ,8893,C,R,O,2.0,4.0,10.0,Unassociated
39,,,,2000-02-27 11:52:00, B  ,8887,C,R,O,7.0,3.0,30.0,Unassociated
40,,,,2000-02-29 03:32:00, B  ,8894,B,X,O,3.0,3.0,30.0,Unassociated
41,,,,2000-02-29 15:59:00, B  ,8895,B,X,O,3.0,4.0,10.0,Unassociated
42,,,,2000-03-02 01:00:00, A  ,8881,H,A,X,2.0,2.0,30.0,Unassociated
43,,,,2000-03-04 01:45:00, A  ,8883,H,S,X,2.0,2.0,30.0,Unassociated
44,,,,2000-03-04 01:45:00, A  ,8892,H,S,X,1.0,1.0,20.0,Unassociated
45,,,,2000-03-06 15:00:00, B  ,8896,B,X,O,2.0,2.0,10.0,Unassociated
46,,,,2000-03-07 07:10:00, A  ,8897,A,X,X,1.0,2.0,20.0,Unassociated
47,,,,2000-03-10 15:58:00, A  ,8905,A,X,X,4.0,1.0,20.0,Unassociated
48,,,,2000-03-12 02:45:00, B  ,8907,C,S,O,3.0,7.0,20.0,Unassociated
49,,,,2000-03-13 06:47:00, A  ,8908,A,X,X,2.0,2.0,10.0,Unassociated
50,,,,2000-03-13 06:47:00, B  ,8902,B,X,O,3.0,3.0,10.0,Unassociated
51,,,,2000-03-15 12:12:00, A  ,8903,H,S,X,1.0,1.0,20.0,Unassociated
52,,,,2000-03-16 11:29:00, A  ,8911,H,R,X,1.0,1.0,10.0,Unassociated
53,,,,2000-03-24 06:30:00, B  ,8920,C,R,O,2.0,3.0,10.0,Unassociated
54,,,,2000-03-26 16:08:00, A  ,8923,A,X,X,1.0,1.0,10.0,Unassociated
55,,,,2000-03-28 10:15:00, B  ,8927,D,A,O,2.0,6.0,30.0,Unassociated
56,,,,2000-03-29 09:30:00, A  ,8922,H,R,X,2.0,1.0,10.0,Unassociated
57,,,,2000-03-30 08:28:00, B  ,8934,C,R,O,3.0,4.0,10.0,Unassociated
58,,,,2000-04-02 01:30:00, A  ,8929,H,S,X,1.0,1.0,10.0,Unassociated
59,,,,2000-04-02 15:30:00, B  ,8942,C,A,O,14.0,6.0,50.0,Unassociated
60,,,,2000-04-06 12:51:00, B  ,8950,B,X,O,2.0,8.0,10.0,Unassociated
61,,,,2000-04-07 14:33:00, A  ,8932,A,X,X,1.0,1.0,20.0,Unassociated
62,,,,2000-04-08 05:27:00, A  ,8943,A,X,X,1.0,2.0,30.0,Unassociated
63,,,,2000-04-09 01:15:00, A  ,8952,H,S,X,1.0,1.0,10.0,Unassociated
64,,,,2000-04-09 01:15:00, B  ,8945,C,S,O,2.0,2.0,20.0,Unassociated
65,,,,2000-04-09 12:12:00, A  ,8944,A,X,X,2.0,1.0,10.0,Unassociated
66,,,,2000-04-13 15:28:00, B  ,8954,B,X,O,4.0,6.0,20.0,Unassociated
67,,,,2000-04-16 01:00:00, B  ,8956,B,X,O,9.0,7.0,20.0,Unassociated
68,,,,2000-04-17 15:47:00, A  ,8960,H,S,X,1.0,1.0,20.0,Unassociated
69,,,,2000-04-17 15:47:00, A  ,8961,A,X,X,2.0,2.0,60.0,Unassociated
70,,,,2000-04-18 01:47:00, A  ,8949,H,S,X,1.0,2.0,60.0,Unassociated
71,,,,2000-04-19 17:30:00, A  ,8951,H,S,X,1.0,1.0,30.0,Unassociated
72,,,,2000-04-20 15:06:00, A  ,8953,A,X,X,2.0,2.0,20.0,Unassociated
73,,,,2000-04-22 01:05:00, B  ,8958,C,S,O,5.0,3.0,50.0,Unassociated
74,,,,2000-04-24 05:26:00, A  ,8962,H,S,X,1.0,1.0,20.0,Unassociated
75,,,,2000-04-28 01:20:00, B  ,8973,B,X,O,2.0,5.0,30.0,Unassociated
76,,,,2000-04-28 01:20:00, B  ,8968,B,X,O,3.0,5.0,30.0,Unassociated
77,,,,2000-05-05 11:34:00, B  ,8978,B,X,O,2.0,8.0,10.0,Unassociated
78,,,,2000-05-06 01:00:00, B  ,8985,B,X,O,4.0,3.0,20.0,Unassociated
79,,,,2000-05-07 14:55:00, A  ,8981,A,X,X,2.0,1.0,10.0,Unassociated
80,,,,2000-05-07 14:55:00, B  ,8984,B,X,O,3.0,3.0,10.0,Unassociated
81,,,,2000-05-09 11:15:00, A  ,8980,A,X,X,2.0,1.0,10.0,Unassociated
82,,,,2000-05-10 08:16:00, B  ,8987,C,R,O,2.0,4.0,10.0,Unassociated
83,,,,2000-05-11 01:47:00, B  ,8986,D,A,I,18.0,7.0,180.0,Unassociated
84,,,,2000-05-15 01:25:00, B  ,9000,B,X,O,2.0,2.0,10.0,Unassociated
85,,,,2000-05-16 02:00:00, B  ,9005,B,X,O,3.0,2.0,10.0,Unassociated
86,,,,2000-05-16 02:00:00, B  ,9001,C,S,O,3.0,3.0,20.0,Unassociated
87,,,,2000-05-17 15:15:00, A  ,8992,A,X,X,1.0,1.0,10.0,Unassociated
88,,,,2000-05-17 15:15:00, A  ,9008,A,X,X,1.0,1.0,10.0,Unassociated
89,,,,2000-05-17 15:15:00, A  ,8994,A,X,X,1.0,1.0,20.0,Unassociated
90,,,,2000-05-18 01:15:00, B  ,8997,B,X,O,3.0,6.0,10.0,Unassociated
91,,,,2000-05-18 01:15:00, B  ,9007,C,R,O,2.0,2.0,10.0,Unassociated
92,,,,2000-05-18 12:53:00, B  ,9003,B,X,O,6.0,7.0,10.0,Unassociated
93,,,,2000-05-21 01:15:00, B  ,9012,B,X,O,3.0,2.0,10.0,Unassociated
94,,,,2000-05-22 06:42:00, B  ,9013,C,S,O,2.0,3.0,40.0,Unassociated
95,,,,2000-05-26 14:25:00, B  ,9009,B,X,O,3.0,5.0,10.0,Unassociated
96,,,,2000-05-27 16:42:00, A  ,9016,A,X,X,1.0,1.0,10.0,Unassociated
97,,,,2000-05-30 07:25:00, A  ,9021,A,X,X,3.0,2.0,10.0,Unassociated
98,,,,2000-05-30 07:25:00, B  ,9020,C,R,O,3.0,4.0,10.0,Unassociated
99,,,,2000-05-31 12:56:00, B  ,9018,B,X,O,2.0,3.0,10.0,Unassociated
100,,,,2000-06-01 07:15:00, B  ,9025,C,R,O,2.0,7.0,30.0,Unassociated
101,,,,2000-06-02 19:07:00, A  ,9022,A,X,X,1.0,1.0,10.0,Unassociated
102,,,,2000-06-03 01:50:00, B  ,9023,B,X,O,5.0,5.0,20.0,Unassociated
103,,,,2000-06-03 01:50:00, B  ,9027,B,X,O,3.0,2.0,10.0,Unassociated
104,,,,2000-06-04 00:46:00, B  ,9029,C,R,O,3.0,3.0,30.0,Unassociated
105,,,,2000-06-14 12:31:00, B  ,9032,B,X,O,3.0,10.0,10.0,Unassociated
106,,,,2000-06-14 14:42:00, B  ,9043,B,X,O,2.0,2.0,10.0,Unassociated
107,,,,2000-06-16 00:59:00, B  ,9038,C,R,O,3.0,1.0,30.0,Unassociated
108,,,,2000-06-17 05:43:00, B  ,9044,C,S,O,3.0,3.0,120.0,Unassociated
109,,,,2000-06-17 13:05:00, A  ,9035,H,S,X,1.0,1.0,60.0,Unassociated
110,,,,2000-06-18 07:15:00, A  ,9037,H,R,X,1.0,1.0,10.0,Unassociated
111,,,,2000-06-18 12:30:00, B  ,9047,B,X,O,4.0,3.0,10.0,Unassociated
112,,,,2000-06-18 15:14:00, B  ,9045,B,X,O,3.0,3.0,10.0,Unassociated
113,,,,2000-06-20 10:15:00, A  ,9053,H,R,X,1.0,1.0,10.0,Unassociated
114,,,,2000-06-23 15:38:00, A  ,9052,H,S,X,1.0,2.0,120.0,Unassociated
115,,,,2000-06-24 05:45:00, A  ,9050,H,S,X,1.0,2.0,60.0,Unassociated
116,,,,2000-06-27 13:05:00, B  ,9060,B,X,O,2.0,3.0,10.0,Unassociated
117,,,,2000-07-03 01:10:00, A  ,9055,H,R,X,1.0,1.0,10.0,Unassociated
118,,,,2000-07-03 01:10:00, A  ,9056,H,S,X,1.0,2.0,110.0,Unassociated
119,,,,2000-07-04 13:50:00, A  ,9057,H,S,X,1.0,2.0,120.0,Unassociated
120,,,,2000-07-05 14:49:00, A  ,9063,A,X,X,2.0,1.0,10.0,Unassociated
121,,,,2000-07-06 05:03:00, A  ,9061,H,S,X,1.0,1.0,20.0,Unassociated
122,,,,2000-07-07 01:07:00, B  ,9065,B,X,O,2.0,1.0,10.0,Unassociated
123,,,,2000-07-07 19:20:00, A  ,9075,H,S,X,1.0,1.0,30.0,Unassociated
124,,,,2000-07-11 12:02:00, B  ,9072,D,S,O,3.0,5.0,40.0,Unassociated
125,,,,2000-07-11 15:05:00, B  ,9083,B,X,O,2.0,3.0,10.0,Unassociated
126,,,,2000-07-12 17:58:00, B  ,9076,B,X,O,2.0,4.0,10.0,Unassociated
127,,,,2000-07-13 12:36:00, B  ,9074,B,X,O,3.0,3.0,10.0,Unassociated
128,,,,2000-07-13 12:36:00, B  ,9078,C,A,O,5.0,7.0,20.0,Unassociated
129,,,,2000-07-18 12:00:00, B  ,9093,C,S,O,2.0,3.0,10.0,Unassociated
130,,,,2000-07-19 18:30:00, BG ,9089,E,K,C,30.0,15.0,470.0,Unassociated
131,,,,2000-07-20 13:30:00, A  ,9092,A,X,X,1.0,1.0,20.0,Unassociated
132,,,,2000-07-20 13:30:00, B  ,9098,B,X,O,4.0,3.0,10.0,Unassociated
133,,,,2000-07-21 06:11:00, A  ,9079,H,S,X,1.0,2.0,30.0,Unassociated
134,,,,2000-07-21 12:30:00, B  ,9080,D,S,O,2.0,2.0,100.0,Unassociated
135,,,,2000-07-22 01:13:00, A  ,9084,H,S,X,1.0,1.0,30.0,Unassociated
136,,,,2000-07-23 11:35:00, A  ,9081,H,S,X,1.0,1.0,20.0,Unassociated
137,,,,2000-07-27 16:25:00, A  ,9102,A,X,X,3.0,1.0,10.0,Unassociated
138,,,,2000-07-28 16:00:00, A  ,9094,A,X,X,1.0,1.0,10.0,Unassociated
139,,,,2000-07-28 16:00:00, A  ,9096,A,X,X,1.0,1.0,10.0,Unassociated
140,,,,2000-07-29 01:29:00, B  ,9101,B,X,O,3.0,3.0,10.0,Unassociated
141,,,,2000-07-30 05:08:00, B  ,9106,C,R,O,5.0,5.0,30.0,Unassociated
142,,,,2000-08-01 01:20:00, A  ,9099,H,S,X,1.0,2.0,60.0,Unassociated
143,,,,2000-08-02 11:30:00, B  ,9109,D,S,O,2.0,2.0,20.0,Unassociated
144,,,,2000-08-02 15:00:00, A  ,9112,A,X,X,1.0,1.0,10.0,Unassociated
145,,,,2000-08-04 15:15:00, A  ,9108,A,X,X,1.0,1.0,10.0,Unassociated
146,,,,2000-08-05 14:20:00, B  ,9113,B,X,O,12.0,10.0,50.0,Unassociated
147,,,,2000-08-07 18:36:00, A  ,9104,H,S,X,1.0,1.0,50.0,Unassociated
148,,,,2000-08-07 18:36:00, A  ,9117,H,S,X,1.0,1.0,10.0,Unassociated
149,,,,2000-08-08 16:35:00, B  ,9116,B,X,O,2.0,3.0,10.0,Unassociated
150,,,,2000-08-10 16:55:00, B  ,9120,C,S,O,3.0,3.0,60.0,Unassociated
151,,,,2000-08-12 01:15:00, A  ,9119,A,X,X,1.0,1.0,10.0,Unassociated
152,,,,2000-08-14 06:00:00, B  ,9121,B,X,O,1.0,10.0,10.0,Unassociated
153,,,,2000-08-14 15:06:00, B  ,9130,B,X,O,7.0,5.0,20.0,Unassociated
154,,,,2000-08-16 06:57:00, A  ,9115,H,S,X,1.0,1.0,30.0,Unassociated
155,,,,2000-08-16 14:00:00, B  ,9133,B,X,O,5.0,4.0,20.0,Unassociated
156,,,,2000-08-17 06:40:00, B  ,9132,B,X,O,2.0,10.0,10.0,Unassociated
157,,,,2000-08-18 03:30:00, B  ,9123,B,X,O,4.0,4.0,10.0,Unassociated
158,,,,2000-08-19 14:00:00, B  ,9128,C,A,O,13.0,6.0,30.0,Unassociated
159,,,,2000-08-21 07:12:00, B  ,9135,B,X,O,2.0,7.0,10.0,Unassociated
160,,,,2000-08-21 07:12:00, B  ,9134,B,X,O,4.0,2.0,10.0,Unassociated
161,,,,2000-08-23 07:20:00, B  ,9137,C,R,O,2.0,2.0,10.0,Unassociated
162,,,,2000-08-29 14:05:00, A  ,9138,A,X,X,1.0,1.0,10.0,Unassociated
163,,,,2000-08-30 17:40:00, A  ,9148,A,X,X,1.0,1.0,10.0,Unassociated
164,,,,2000-09-01 01:20:00, A  ,9150,H,R,X,1.0,1.0,20.0,Unassociated
165,,,,2000-09-03 14:23:00, B  ,9142,B,X,O,2.0,10.0,20.0,Unassociated
166,,,,2000-09-03 14:23:00, A  ,9146,A,X,X,1.0,1.0,10.0,Unassociated
167,,,,2000-09-04 14:45:00, B  ,9153,C,S,O,10.0,6.0,30.0,Unassociated
168,,,,2000-09-05 07:45:00, B  ,9155,D,A,O,3.0,2.0,20.0,Unassociated
169,,,,2000-09-07 01:05:00, A  ,9145,A,X,X,1.0,1.0,30.0,Unassociated
170,,,,2000-09-08 01:59:00, B  ,9159,B,X,O,2.0,5.0,20.0,Unassociated
171,,,,2000-09-09 14:30:00, B  ,9152,B,X,O,2.0,2.0,10.0,Unassociated
172,,,,2000-09-10 17:45:00, A  ,9157,A,X,X,3.0,2.0,10.0,Unassociated
173,,,,2000-09-15 11:33:00, B  ,9162,B,X,O,2.0,6.0,10.0,Unassociated
174,,,,2000-09-17 14:45:00, A  ,9164,H,S,X,1.0,1.0,20.0,Unassociated
175,,,,2000-09-18 00:50:00, B  ,9168,D,S,O,3.0,3.0,40.0,Unassociated
176,,,,2000-09-18 00:50:00, A  ,9163,H,R,X,1.0,1.0,30.0,Unassociated
177,,,,2000-09-20 14:20:00, A  ,9161,A,X,X,1.0,1.0,10.0,Unassociated
178,,,,2000-09-26 17:10:00, A  ,9174,A,X,X,1.0,1.0,10.0,Unassociated
179,,,,2000-09-28 16:30:00, A  ,9175,A,X,X,2.0,2.0,10.0,Unassociated
180,,,,2000-09-29 12:03:00, B  ,9170,B,X,O,3.0,13.0,10.0,Unassociated
181,,,,2000-10-02 17:28:00, A  ,9171,A,X,X,1.0,1.0,10.0,Unassociated
182,,,,2000-10-03 08:25:00, A  ,9180,A,X,X,2.0,1.0,10.0,Unassociated
183,,,,2000-10-03 15:41:00, B  ,9183,B,X,O,3.0,5.0,20.0,Unassociated
184,,,,2000-10-04 12:33:00, B  ,9179,B,X,O,3.0,2.0,10.0,Unassociated
185,,,,2000-10-08 00:50:00, B  ,9186,D,S,O,2.0,9.0,90.0,Unassociated
186,,,,2000-10-13 12:00:00, A  ,9191,A,X,X,1.0,1.0,10.0,Unassociated
187,,,,2000-10-14 12:12:00, B  ,9188,C,S,O,3.0,2.0,10.0,Unassociated
188,,,,2000-10-14 14:14:00, A  ,9189,A,X,X,2.0,2.0,10.0,Unassociated
189,,,,2000-10-14 14:14:00, A  ,9196,A,X,X,2.0,2.0,20.0,Unassociated
190,,,,2000-10-16 14:30:00, B  ,9192,B,X,O,3.0,4.0,10.0,Unassociated
191,,,,2000-10-19 12:30:00, B  ,9190,C,S,O,2.0,2.0,20.0,Unassociated
192,,,,2000-10-23 00:20:00, B  ,9202,B,X,O,5.0,5.0,10.0,Unassociated
193,,,,2000-10-25 13:20:00, B  ,9204,C,S,O,6.0,4.0,20.0,Unassociated
194,,,,2000-10-28 12:13:00, B  ,9211,B,X,O,3.0,3.0,10.0,Unassociated
195,,,,2000-10-29 14:20:00, B  ,9215,B,X,O,4.0,5.0,10.0,Unassociated
196,,,,2000-11-02 06:50:00, B  ,9208,D,S,O,2.0,3.0,30.0,Unassociated
197,,,,2000-11-02 15:24:00, A  ,9217,A,X,X,2.0,3.0,30.0,Unassociated
198,,,,2000-11-03 01:45:00, B  ,9206,B,X,O,2.0,5.0,10.0,Unassociated
199,,,,2000-11-08 08:15:00, B  ,9224,C,A,O,4.0,8.0,30.0,Unassociated
200,,,,2000-11-08 08:15:00, B  ,9226,C,A,O,2.0,2.0,40.0,Unassociated
201,,,,2000-11-09 01:14:00, A  ,9222,H,R,X,1.0,1.0,30.0,Unassociated
202,,,,2000-11-11 12:20:00, B  ,9230,B,X,O,3.0,3.0,10.0,Unassociated
203,,,,2000-11-12 12:30:00, B  ,9225,C,S,O,2.0,1.0,30.0,Unassociated
204,,,,2000-11-12 12:30:00, A  ,9220,A,X,X,1.0,1.0,10.0,Unassociated
205,,,,2000-11-13 00:50:00, A  ,9219,H,S,X,1.0,2.0,50.0,Unassociated
206,,,,2000-11-15 11:30:00, B  ,9228,C,R,O,2.0,2.0,20.0,Unassociated
207,,,,2000-11-21 13:15:00, A  ,9229,H,S,X,1.0,1.0,10.0,Unassociated
208,,,,2000-11-22 13:00:00, A  ,9232,A,X,X,2.0,2.0,20.0,Unassociated
209,,,,2000-11-24 15:30:00, B  ,9241,B,X,O,2.0,2.0,10.0,Unassociated
210,,,,2000-11-26 13:10:00, B  ,9233,B,X,O,2.0,4.0,30.0,Unassociated
211,,,,2000-12-03 12:15:00, B  ,9243,D,S,O,6.0,8.0,40.0,Unassociated
212,,,,2000-12-06 12:15:00, A  ,9256,H,S,X,2.0,1.0,10.0,Unassociated
213,,,,2000-12-06 16:50:00, A  ,9245,A,X,X,1.0,1.0,10.0,Unassociated
214,,,,2000-12-07 19:45:00, A  ,9249,A,X,X,1.0,2.0,10.0,Unassociated
215,,,,2000-12-08 12:37:00, B  ,9259,B,X,O,3.0,6.0,20.0,Unassociated
216,,,,2000-12-09 15:38:00, A  ,9260,H,S,X,2.0,2.0,50.0,Unassociated
217,,,,2000-12-11 00:19:00, B  ,9258,C,S,O,3.0,2.0,10.0,Unassociated
218,,,,2000-12-12 00:10:00, A  ,9263,H,S,X,1.0,1.0,40.0,Unassociated
219,,,,2000-12-12 12:13:00, A  ,9254,A,X,X,2.0,2.0,20.0,Unassociated
220,,,,2000-12-13 07:57:00, A  ,9255,H,R,X,1.0,1.0,20.0,Unassociated
221,,,,2000-12-13 18:20:00, B  ,9257,C,S,O,3.0,4.0,30.0,Unassociated
222,,,,2000-12-18 08:03:00, A  ,9265,H,R,X,1.0,1.0,10.0,Unassociated
223,,,,2000-12-18 12:32:00, A  ,9275,A,X,X,2.0,1.0,10.0,Unassociated
224,,,,2000-12-21 15:38:00, B  ,9273,B,X,O,5.0,4.0,10.0,Unassociated
225,,,,2000-12-23 15:45:00, A  ,9281,A,X,X,3.0,1.0,10.0,Unassociated
226,,,,2000-12-24 00:30:00, B  ,9284,C,S,O,4.0,3.0,20.0,Unassociated
227,,,,2000-12-26 00:20:00, A  ,9268,H,S,X,1.0,1.0,60.0,Unassociated
228,,,,2000-12-26 12:42:00, B  ,9288,D,R,O,2.0,3.0,10.0,Unassociated
229,,,,2000-12-26 12:42:00, A  ,9286,H,R,X,1.0,1.0,10.0,Unassociated
230,,,,2000-12-26 12:42:00, B  ,9287,D,R,O,4.0,5.0,20.0,Unassociated
231,,,,2000-12-31 01:55:00, A  ,9282,H,S,X,1.0,1.0,10.0,Unassociated
232,,,,2001-01-06 00:30:00, A  ,9292,A,X,X,2.0,1.0,10.0,Unassociated
233,,,,2001-01-06 15:10:00, B  ,9293,C,S,O,2.0,2.0,10.0,Unassociated
234,,,,2001-01-07 12:35:00, A  ,9291,H,S,X,1.0,1.0,30.0,Unassociated
235,,,,2001-01-07 16:34:00, B  ,9299,B,X,O,2.0,2.0,10.0,Unassociated
236,,,,2001-01-08 00:25:00, B  ,9300,B,X,O,4.0,3.0,10.0,Unassociated
237,,,,2001-01-09 01:47:00, A  ,9297,H,S,X,1.0,1.0,30.0,Unassociated
238,,,,2001-01-09 12:32:00, A  ,9303,A,X,X,1.0,2.0,30.0,Unassociated
239,,,,2001-01-09 12:32:00, A  ,9298,A,X,X,1.0,1.0,10.0,Unassociated
240,,,,2001-01-12 08:14:00, A  ,9305,H,R,X,1.0,1.0,10.0,Unassociated
241,,,,2001-01-12 16:15:00, A  ,9295,H,S,X,1.0,1.0,20.0,Unassociated
242,,,,2001-01-14 13:10:00, B  ,9296,C,S,O,2.0,2.0,30.0,Unassociated
243,,,,2001-01-15 17:12:00, A  ,9309,A,X,X,1.0,1.0,20.0,Unassociated
244,,,,2001-01-19 01:30:00, B  ,9314,B,X,O,3.0,2.0,10.0,Unassociated
245,,,,2001-01-19 16:12:00, B  ,9315,C,S,O,2.0,8.0,40.0,Unassociated
246,,,,2001-01-19 16:12:00, A  ,9310,A,X,X,2.0,1.0,10.0,Unassociated
247,,,,2001-01-20 19:32:00, B  ,9312,B,X,O,3.0,4.0,10.0,Unassociated
248,,,,2001-01-21 01:52:00, B  ,9318,B,X,O,6.0,4.0,10.0,Unassociated
249,,,,2001-01-25 13:00:00, B  ,9324,B,X,O,3.0,1.0,10.0,Unassociated
250,,,,2001-01-26 02:20:00, B  ,9323,C,R,O,4.0,6.0,20.0,Unassociated
251,,,,2001-01-29 00:45:00, B  ,9316,D,S,O,2.0,1.0,10.0,Unassociated
252,,,,2001-01-29 17:58:00, A  ,9326,A,X,X,2.0,1.0,10.0,Unassociated
253,,,,2001-01-29 17:58:00, A  ,9322,A,X,X,1.0,1.0,10.0,Unassociated
254,,,,2001-01-30 00:30:00, A  ,9328,H,A,X,3.0,1.0,50.0,Unassociated
255,,,,2001-02-01 12:09:00, A  ,9331,A,X,X,2.0,2.0,10.0,Unassociated
256,,,,2001-02-03 12:45:00, B  ,9332,C,S,O,3.0,5.0,20.0,Unassociated
257,,,,2001-02-05 13:19:00, A  ,9333,A,X,X,1.0,1.0,10.0,Unassociated
258,,,,2001-02-06 12:39:00, B  ,9336,B,X,O,4.0,3.0,10.0,Unassociated
259,,,,2001-02-08 11:54:00, A  ,9340,H,A,X,1.0,1.0,10.0,Unassociated
260,,,,2001-02-08 17:20:00, B  ,9337,C,S,O,4.0,2.0,40.0,Unassociated
261,,,,2001-02-10 13:05:00, B  ,9344,C,S,O,2.0,1.0,10.0,Unassociated
262,,,,2001-02-11 11:25:00, A  ,9341,H,R,X,1.0,1.0,10.0,Unassociated
263,,,,2001-02-11 16:35:00, B  ,9345,C,A,O,4.0,4.0,20.0,Unassociated
264,,,,2001-02-15 15:30:00, A  ,9342,A,X,X,1.0,1.0,10.0,Unassociated
265,,,,2001-02-16 00:15:00, A  ,9339,H,S,X,1.0,1.0,60.0,Unassociated
266,,,,2001-02-17 07:35:00, B  ,9347,C,S,O,2.0,3.0,20.0,Unassociated
267,,,,2001-02-18 12:10:00, B  ,9351,C,S,O,2.0,3.0,10.0,Unassociated
268,,,,2001-02-19 15:45:00, A  ,9355,A,X,X,3.0,2.0,10.0,Unassociated
269,,,,2001-02-20 08:15:00, A  ,9349,H,R,X,1.0,1.0,20.0,Unassociated
270,,,,2001-02-20 08:15:00, B  ,9352,C,A,O,2.0,2.0,20.0,Unassociated
271,,,,2001-02-23 18:45:00, A  ,9356,A,X,X,1.0,1.0,10.0,Unassociated
272,,,,2001-02-26 07:25:00, B  ,9357,D,A,O,7.0,7.0,60.0,Unassociated
273,,,,2001-02-27 12:42:00, A  ,9358,H,S,X,3.0,2.0,10.0,Unassociated
274,,,,2001-02-28 00:20:00, B  ,9361,C,R,O,2.0,1.0,20.0,Unassociated
275,,,,2001-03-01 02:10:00, A  ,9360,H,S,X,1.0,1.0,10.0,Unassociated
276,,,,2001-03-06 09:00:00, B  ,9369,D,A,O,4.0,9.0,80.0,Unassociated
277,,,,2001-03-07 02:05:00, A  ,9367,H,R,X,1.0,1.0,10.0,Unassociated
278,,,,2001-03-11 07:55:00, A  ,9377,H,R,X,1.0,1.0,10.0,Unassociated
279,,,,2001-03-12 15:30:00, A  ,9375,A,X,X,1.0,1.0,10.0,Unassociated
280,,,,2001-03-13 12:15:00, B  ,9378,C,S,O,2.0,2.0,20.0,Unassociated
281,,,,2001-03-13 14:45:00, A  ,9379,A,X,X,1.0,1.0,10.0,Unassociated
282,,,,2001-03-14 14:45:00, A  ,9374,A,X,X,3.0,2.0,10.0,Unassociated
283,,,,2001-03-15 12:00:00, A  ,9381,A,X,X,2.0,2.0,10.0,Unassociated
284,,,,2001-03-17 14:00:00, B  ,9383,C,A,O,3.0,6.0,90.0,Unassociated
285,,,,2001-03-18 10:47:00, B  ,9385,C,R,O,2.0,1.0,10.0,Unassociated
286,,,,2001-03-19 09:05:00, A  ,9386,H,R,X,1.0,1.0,10.0,Unassociated
287,,,,2001-03-19 12:05:00, A  ,9380,H,R,X,1.0,1.0,10.0,Unassociated
288,,,,2001-03-21 18:10:00, B  ,9391,C,S,O,2.0,2.0,10.0,Unassociated
289,,,,2001-03-22 00:31:00, B  ,9388,C,R,O,4.0,3.0,30.0,Unassociated
290,,,,2001-03-26 00:48:00, A  ,9398,H,S,X,1.0,1.0,10.0,Unassociated
291,,,,2001-03-26 00:48:00, A  ,9392,H,S,X,1.0,3.0,60.0,Unassociated
292,,,,2001-03-28 16:05:00, A  ,9400,A,X,X,2.0,1.0,10.0,Unassociated
293,,,,2001-03-28 16:05:00, B  ,9399,B,X,O,2.0,8.0,10.0,Unassociated
294,,,,2001-03-29 11:04:00, B  ,9405,B,X,O,3.0,4.0,10.0,Unassociated
295,,,,2001-03-29 11:04:00, B  ,9394,H,R,O,2.0,1.0,10.0,Unassociated
296,,,,2001-03-30 00:40:00, A  ,9387,H,S,X,1.0,2.0,60.0,Unassociated
297,,,,2001-03-30 15:30:00, A  ,9411,A,X,X,2.0,2.0,20.0,Unassociated
298,,,,2001-03-30 15:30:00, B  ,9410,B,X,O,4.0,3.0,30.0,Unassociated
299,,,,2001-03-30 15:30:00, B  ,9396,B,X,O,3.0,10.0,80.0,Unassociated
300,,,,2001-04-03 14:30:00, A  ,9395,A,X,X,1.0,1.0,10.0,Unassociated
301,,,,2001-04-04 17:06:00, A  ,9414,A,X,X,1.0,1.0,10.0,Unassociated
302,,,,2001-04-05 12:35:00, B  ,9416,C,S,O,4.0,6.0,20.0,Unassociated
303,,,,2001-04-06 11:50:00, A  ,9408,H,A,X,1.0,3.0,90.0,Unassociated
304,,,,2001-04-06 11:50:00, A  ,9413,H,S,X,1.0,3.0,60.0,Unassociated
305,,,,2001-04-06 15:05:00, B  ,9412,B,X,O,3.0,3.0,10.0,Unassociated
306,,,,2001-04-09 00:06:00, A  ,9407,H,S,X,1.0,2.0,60.0,Unassociated
307,,,,2001-04-09 16:09:00, A  ,9406,H,S,X,1.0,2.0,60.0,Unassociated
308,,,,2001-04-09 16:09:00, A  ,9421,H,S,X,1.0,2.0,50.0,Unassociated
309,,,,2001-04-10 14:38:00, A  ,9419,A,X,X,1.0,1.0,10.0,Unassociated
310,,,,2001-04-11 07:50:00, A  ,9425,H,S,X,1.0,1.0,10.0,Unassociated
311,,,,2001-04-12 00:18:00, B  ,9423,B,X,O,3.0,2.0,10.0,Unassociated
312,,,,2001-04-16 00:45:00, A  ,9420,H,R,X,1.0,1.0,40.0,Unassociated
313,,,,2001-04-16 12:30:00, A  ,9427,H,S,X,1.0,2.0,10.0,Unassociated
314,,,,2001-04-17 00:50:00, B  ,9422,B,X,O,3.0,3.0,10.0,Unassociated
315,,,,2001-04-18 05:40:00, A  ,9426,A,X,X,2.0,1.0,10.0,Unassociated
316,,,,2001-04-18 05:40:00, A  ,9430,A,X,X,2.0,2.0,20.0,Unassociated
317,,,,2001-04-21 15:11:00, B  ,9434,C,S,O,2.0,4.0,20.0,Unassociated
318,,,,2001-04-24 14:24:00, A  ,9438,A,X,X,1.0,1.0,10.0,Unassociated
319,,,,2001-04-24 14:24:00, A  ,9429,A,X,X,1.0,1.0,20.0,Unassociated
320,,,,2001-04-28 00:10:00, B  ,9439,C,R,O,2.0,2.0,30.0,Unassociated
321,,,,2001-04-28 12:08:00, A  ,9435,H,S,X,1.0,2.0,60.0,Unassociated
322,,,,2001-04-29 14:38:00, B  ,9440,C,A,O,2.0,3.0,20.0,Unassociated
323,,,,2001-04-30 05:23:00, A  ,9446,A,X,X,3.0,1.0,10.0,Unassociated
324,,,,2001-04-30 05:23:00, A  ,9437,A,X,X,2.0,1.0,10.0,Unassociated
325,,,,2001-05-03 00:10:00, A  ,9444,A,X,X,4.0,2.0,10.0,Unassociated
326,,,,2001-05-03 15:50:00, A  ,9436,H,S,X,1.0,2.0,60.0,Unassociated
327,,,,2001-05-06 14:40:00, A  ,9442,H,S,X,1.0,1.0,50.0,Unassociated
328,,,,2001-05-09 05:25:00, A  ,9450,A,X,X,1.0,1.0,10.0,Unassociated
329,,,,2001-05-10 05:37:00, B  ,9453,C,R,O,4.0,6.0,30.0,Unassociated
330,,,,2001-05-13 11:15:00, A  ,9448,H,S,X,1.0,2.0,90.0,Unassociated
331,,,,2001-05-14 17:11:00, A  ,9457,A,X,X,1.0,1.0,10.0,Unassociated
332,,,,2001-05-15 01:38:00, A  ,9460,A,X,X,1.0,1.0,10.0,Unassociated
333,,,,2001-05-15 06:38:00, B  ,9452,B,X,O,2.0,4.0,10.0,Unassociated
334,,,,2001-05-17 13:45:00, B  ,9456,D,A,O,3.0,10.0,120.0,Unassociated
335,,,,2001-05-18 13:58:00, B  ,9459,B,X,O,2.0,3.0,10.0,Unassociated
336,,,,2001-05-23 13:30:00, A  ,9469,H,A,X,2.0,2.0,60.0,Unassociated
337,,,,2001-05-24 07:50:00, A  ,9471,A,X,X,2.0,2.0,10.0,Unassociated
338,,,,2001-05-26 13:01:00, B  ,9464,B,X,O,3.0,12.0,36.0,Unassociated
339,,,,2001-05-26 13:29:00, B  ,9466,B,X,O,4.0,5.0,10.0,Unassociated
340,,,,2001-05-27 05:15:00, A  ,9473,H,S,X,1.0,1.0,10.0,Unassociated
341,,,,2001-05-28 00:25:00, A  ,9476,A,X,X,1.0,1.0,20.0,Unassociated
342,,,,2001-05-28 05:03:00, B  ,9478,C,R,O,2.0,3.0,10.0,Unassociated
343,,,,2001-05-29 02:25:00, B  ,9479,B,X,O,3.0,1.0,10.0,Unassociated
344,,,,2001-05-29 13:10:00, B  ,9472,B,X,O,4.0,5.0,20.0,Unassociated
345,,,,2001-05-29 13:10:00, A  ,9462,H,A,X,1.0,2.0,60.0,Unassociated
346,,,,2001-05-29 13:10:00, A  ,9480,A,X,X,1.0,1.0,10.0,Unassociated
347,,,,2001-05-31 14:48:00, A  ,9467,A,X,X,1.0,1.0,10.0,Unassociated
348,,,,2001-06-01 00:15:00, B  ,9481,D,A,O,3.0,3.0,60.0,Unassociated
349,,,,2001-06-03 00:25:00, B  ,9477,B,X,O,2.0,3.0,10.0,Unassociated
350,,,,2001-06-04 00:50:00, A  ,9482,A,X,X,1.0,1.0,10.0,Unassociated
351,,,,2001-06-04 13:56:00, B  ,9485,C,S,O,2.0,5.0,30.0,Unassociated
352,,,,2001-06-09 07:03:00, B  ,9490,B,X,O,7.0,8.0,20.0,Unassociated
353,,,,2001-06-11 14:00:00, A  ,9496,A,X,X,1.0,1.0,10.0,Unassociated
354,,,,2001-06-17 00:50:00, A  ,9508,A,X,X,1.0,1.0,10.0,Unassociated
355,,,,2001-06-17 05:55:00, B  ,9507,D,A,O,3.0,2.0,10.0,Unassociated
356,,,,2001-06-18 00:45:00, A  ,9491,H,A,X,2.0,2.0,70.0,Unassociated
357,,,,2001-06-18 14:40:00, A  ,9499,A,X,X,1.0,1.0,20.0,Unassociated
358,,,,2001-06-19 14:00:00, A  ,9498,A,X,X,4.0,2.0,20.0,Unassociated
359,,,,2001-06-23 14:25:00, B  ,9510,B,X,O,2.0,7.0,40.0,Unassociated
360,,,,2001-06-26 05:04:00, B  ,9517,C,R,O,4.0,3.0,40.0,Unassociated
361,,,,2001-06-28 00:55:00, B  ,9519,B,X,O,5.0,3.0,20.0,Unassociated
362,,,,2001-06-28 10:42:00, A  ,9521,H,S,X,1.0,1.0,10.0,Unassociated
363,,,,2001-07-03 00:35:00, A  ,9515,H,A,X,1.0,1.0,30.0,Unassociated
364,,,,2001-07-03 14:44:00, B  ,9522,B,X,O,4.0,3.0,20.0,Unassociated
365,,,,2001-07-04 05:30:00, A  ,9526,H,S,X,1.0,1.0,10.0,Unassociated
366,,,,2001-07-05 05:43:00, A  ,9516,H,S,X,1.0,2.0,60.0,Unassociated
367,,,,2001-07-05 12:26:00, B  ,9523,B,X,O,2.0,4.0,10.0,Unassociated
368,,,,2001-07-06 15:32:00, A  ,9528,A,X,X,1.0,1.0,10.0,Unassociated
369,,,,2001-07-07 14:04:00, B  ,9525,B,X,O,2.0,3.0,20.0,Unassociated
370,,,,2001-07-10 14:35:00, A  ,9532,A,X,X,1.0,1.0,10.0,Unassociated
371,,,,2001-07-11 15:00:00, B  ,9527,B,X,O,4.0,2.0,30.0,Unassociated
372,,,,2001-07-14 05:11:00, B  ,9536,C,R,O,3.0,2.0,10.0,Unassociated
373,,,,2001-07-15 07:00:00, A  ,9529,H,A,X,1.0,1.0,30.0,Unassociated
374,,,,2001-07-18 04:50:00, B  ,9544,B,X,O,5.0,3.0,20.0,Unassociated
375,,,,2001-07-20 06:20:00, B  ,9551,B,X,O,3.0,8.0,30.0,Unassociated
376,,,,2001-07-20 20:15:00, A  ,9534,A,X,X,2.0,2.0,10.0,Unassociated
377,,,,2001-07-20 20:15:00, A  ,9540,A,X,X,2.0,2.0,10.0,Unassociated
378,,,,2001-07-21 14:40:00, B  ,9542,B,X,O,5.0,5.0,20.0,Unassociated
379,,,,2001-07-22 14:45:00, A  ,9535,H,A,X,1.0,2.0,120.0,Unassociated
380,,,,2001-07-24 12:15:00, A  ,9541,H,S,X,1.0,1.0,10.0,Unassociated
381,,,,2001-07-24 14:25:00, A  ,9538,H,A,X,1.0,3.0,120.0,Unassociated
382,,,,2001-07-26 12:41:00, A  ,9554,A,X,X,1.0,1.0,10.0,Unassociated
383,,,,2001-07-26 14:30:00, B  ,9549,B,X,O,2.0,2.0,10.0,Unassociated
384,,,,2001-07-27 01:00:00, A  ,9550,A,X,X,1.0,1.0,10.0,Unassociated
385,,,,2001-07-29 01:30:00, A  ,9548,H,A,X,1.0,2.0,30.0,Unassociated
386,,,,2001-07-29 14:39:00, B  ,9553,B,X,O,3.0,3.0,10.0,Unassociated
387,,,,2001-07-30 13:26:00, A  ,9555,A,X,X,2.0,1.0,10.0,Unassociated
388,,,,2001-07-31 00:20:00, B  ,9559,B,X,O,2.0,2.0,10.0,Unassociated
389,,,,2001-08-04 17:45:00, B  ,9564,C,S,O,2.0,7.0,60.0,Unassociated
390,,,,2001-08-05 15:45:00, B  ,9568,B,X,O,2.0,8.0,10.0,Unassociated
391,,,,2001-08-08 00:20:00, A  ,9572,H,S,X,1.0,1.0,20.0,Unassociated
392,,,,2001-08-13 05:45:00, A  ,9576,A,X,X,1.0,1.0,10.0,Unassociated
393,,,,2001-08-16 06:22:00, B  ,9578,C,S,O,4.0,10.0,40.0,Unassociated
394,,,,2001-08-16 14:48:00, A  ,9571,A,X,X,1.0,1.0,20.0,Unassociated
395,,,,2001-08-17 02:00:00, A  ,9577,H,S,X,1.0,1.0,10.0,Unassociated
396,,,,2001-08-20 05:48:00, A  ,9573,H,A,X,1.0,3.0,30.0,Unassociated
397,,,,2001-08-21 06:14:00, B  ,9588,B,X,O,2.0,8.0,30.0,Unassociated
398,,,,2001-08-22 00:20:00, A  ,9584,A,X,X,1.0,1.0,10.0,Unassociated
399,,,,2001-08-23 16:22:00, B  ,9593,C,R,O,4.0,2.0,10.0,Unassociated
400,,,,2001-08-24 12:20:00, B  ,9592,C,S,O,2.0,3.0,30.0,Unassociated
401,,,,2001-08-24 14:30:00, A  ,9589,A,X,X,1.0,1.0,20.0,Unassociated
402,,,,2001-08-25 01:49:00, B  ,9594,B,X,O,2.0,2.0,10.0,Unassociated
403,,,,2001-08-27 06:25:00, A  ,9580,H,S,X,1.0,2.0,60.0,Unassociated
404,,,,2001-08-28 05:45:00, A  ,9598,H,A,X,1.0,1.0,30.0,Unassociated
405,,,,2001-08-30 12:15:00, B  ,9597,B,X,O,4.0,3.0,10.0,Unassociated
406,,,,2001-08-31 07:46:00, B  ,9595,C,R,O,3.0,3.0,30.0,Unassociated
407,,,,2001-09-01 14:30:00, A  ,9590,A,X,X,1.0,1.0,30.0,Unassociated
408,,,,2001-09-03 00:10:00, B  ,9602,C,A,O,3.0,3.0,20.0,Unassociated
409,,,,2001-09-05 11:45:00, B  ,9604,D,A,O,2.0,7.0,30.0,Unassociated
410,,,,2001-09-07 13:40:00, A  ,9596,H,S,X,1.0,3.0,90.0,Unassociated
411,,,,2001-09-07 16:00:00, B  ,9603,B,X,O,4.0,3.0,10.0,Unassociated
412,,,,2001-09-08 12:19:00, B  ,9609,B,X,O,2.0,5.0,10.0,Unassociated
413,,,,2001-09-09 00:12:00, A  ,9614,A,X,X,3.0,2.0,10.0,Unassociated
414,,,,2001-09-16 14:59:00, B  ,9618,B,X,O,4.0,7.0,20.0,Unassociated
415,,,,2001-09-16 14:59:00, B  ,9612,C,S,O,2.0,3.0,80.0,Unassociated
416,,,,2001-09-19 14:50:00, B  ,9617,B,X,O,5.0,5.0,20.0,Unassociated
417,,,,2001-09-20 14:50:00, A  ,9625,A,X,X,1.0,1.0,10.0,Unassociated
418,,,,2001-09-20 14:50:00, A  ,9623,A,X,X,1.0,1.0,10.0,Unassociated
419,,,,2001-09-21 08:50:00, B  ,9619,B,X,O,3.0,3.0,20.0,Unassociated
420,,,,2001-09-22 06:18:00, B  ,9626,B,X,O,3.0,4.0,10.0,Unassociated
421,,,,2001-09-25 16:00:00, A  ,9629,A,X,X,1.0,1.0,10.0,Unassociated
422,,,,2001-09-27 15:00:00, B  ,9627,B,X,O,2.0,3.0,10.0,Unassociated
423,,,,2001-09-27 15:00:00, A  ,9638,A,X,X,1.0,1.0,10.0,Unassociated
424,,,,2001-09-29 01:05:00, A  ,9624,H,S,X,1.0,2.0,30.0,Unassociated
425,,,,2001-10-01 12:22:00, B  ,9643,B,X,O,3.0,5.0,10.0,Unassociated
426,,,,2001-10-04 15:12:00, B  ,9640,B,X,O,5.0,3.0,10.0,Unassociated
427,,,,2001-10-04 15:12:00, B  ,9646,B,X,O,3.0,3.0,10.0,Unassociated
428,,,,2001-10-04 15:12:00, A  ,9639,A,X,X,1.0,1.0,20.0,Unassociated
429,,,,2001-10-04 15:12:00, A  ,9633,H,S,X,1.0,2.0,60.0,Unassociated
430,,,,2001-10-05 16:56:00, A  ,9649,A,X,X,1.0,1.0,10.0,Unassociated
431,,,,2001-10-05 16:56:00, A  ,9647,A,X,X,1.0,1.0,10.0,Unassociated
432,,,,2001-10-06 08:01:00, B  ,9654,B,X,O,3.0,3.0,10.0,Unassociated
433,,,,2001-10-07 00:05:00, B  ,9651,C,S,O,2.0,3.0,20.0,Unassociated
434,,,,2001-10-07 12:22:00, B  ,9652,C,S,O,3.0,2.0,10.0,Unassociated
435,,,,2001-10-08 14:24:00, B  ,9656,B,X,O,2.0,2.0,20.0,Unassociated
436,,,,2001-10-08 14:24:00, A  ,9642,A,X,X,1.0,1.0,20.0,Unassociated
437,,,,2001-10-14 08:17:00, A  ,9655,H,R,X,2.0,1.0,10.0,Unassociated
438,,,,2001-10-14 15:00:00, B  ,9666,B,X,O,2.0,3.0,10.0,Unassociated
439,,,,2001-10-15 15:05:00, A  ,9660,A,X,X,1.0,1.0,10.0,Unassociated
440,,,,2001-10-21 00:15:00, A  ,9662,H,A,X,1.0,1.0,20.0,Unassociated
441,,,,2001-10-22 15:45:00, A  ,9667,H,S,X,1.0,1.0,10.0,Unassociated
442,,,,2001-10-26 15:17:00, A  ,9675,A,X,X,1.0,1.0,10.0,Unassociated
443,,,,2001-10-27 15:32:00, B  ,9677,B,X,O,3.0,5.0,10.0,Unassociated
444,,,,2001-10-30 07:45:00, A  ,9681,H,S,X,2.0,2.0,20.0,Unassociated
445,,,,2001-10-30 12:35:00, B  ,9673,C,S,O,4.0,5.0,40.0,Unassociated
446,,,,2001-10-31 12:44:00, B  ,9683,B,X,O,4.0,2.0,10.0,Unassociated
447,,,,2001-11-02 12:16:00, B  ,9679,C,S,O,2.0,2.0,10.0,Unassociated
448,,,,2001-11-11 07:48:00, A  ,9685,H,A,X,1.0,3.0,60.0,Unassociated
449,,,,2001-11-11 07:48:00, A  ,9693,H,R,X,1.0,1.0,10.0,Unassociated
450,,,,2001-11-11 15:55:00, B  ,9689,C,A,O,3.0,5.0,60.0,Unassociated
451,,,,2001-11-13 00:55:00, A  ,9688,A,X,X,1.0,1.0,10.0,Unassociated
452,,,,2001-11-13 19:11:00, A  ,9701,A,X,X,1.0,1.0,10.0,Unassociated
453,,,,2001-11-13 19:11:00, A  ,9699,A,X,X,1.0,1.0,30.0,Unassociated
454,,,,2001-11-14 12:58:00, B  ,9706,C,R,O,3.0,3.0,10.0,Unassociated
455,,,,2001-11-15 00:15:00, B  ,9700,B,X,O,2.0,2.0,10.0,Unassociated
456,,,,2001-11-16 00:15:00, B  ,9696,B,X,O,5.0,4.0,10.0,Unassociated
457,,,,2001-11-16 16:40:00, A  ,9702,A,X,X,3.0,2.0,10.0,Unassociated
458,,,,2001-11-18 16:30:00, B  ,9709,B,X,O,3.0,3.0,10.0,Unassociated
459,,,,2001-11-19 00:20:00, A  ,9691,H,A,X,1.0,2.0,30.0,Unassociated
460,,,,2001-11-20 00:10:00, B  ,9708,B,X,O,6.0,7.0,20.0,Unassociated
461,,,,2001-11-20 00:10:00, A  ,9694,H,A,X,1.0,2.0,30.0,Unassociated
462,,,,2001-11-20 00:10:00, B  ,9705,B,X,O,4.0,3.0,10.0,Unassociated
463,,,,2001-11-21 15:10:00, A  ,9711,H,S,X,1.0,1.0,20.0,Unassociated
464,,,,2001-11-22 11:33:00, A  ,9695,H,S,X,1.0,4.0,30.0,Unassociated
465,,,,2001-11-26 07:33:00, A  ,9713,A,X,X,1.0,1.0,10.0,Unassociated
466,,,,2001-11-27 00:10:00, A  ,9710,H,S,X,1.0,1.0,20.0,Unassociated
467,,,,2001-12-02 00:10:00, A  ,9712,A,X,X,1.0,1.0,10.0,Unassociated
468,,,,2001-12-02 00:10:00, BG ,9719,D,S,O,6.0,7.0,40.0,Unassociated
469,,,,2001-12-02 08:40:00, B  ,9722,C,S,O,3.0,4.0,20.0,Unassociated
470,,,,2001-12-06 00:20:00, B  ,9730,C,S,O,2.0,3.0,20.0,Unassociated
471,,,,2001-12-07 16:09:00, B  ,9729,C,A,O,2.0,3.0,40.0,Unassociated
472,,,,2001-12-09 15:40:00, A  ,9731,A,X,X,1.0,1.0,10.0,Unassociated
473,,,,2001-12-10 00:15:00, A  ,9728,H,S,X,1.0,2.0,20.0,Unassociated
474,,,,2001-12-10 00:15:00, A  ,9723,H,S,X,1.0,1.0,10.0,Unassociated
475,,,,2001-12-10 11:57:00, B  ,9726,B,X,O,3.0,3.0,10.0,Unassociated
476,,,,2001-12-11 02:45:00, B  ,9721,D,S,O,2.0,4.0,60.0,Unassociated
477,,,,2001-12-12 01:35:00, B  ,9735,B,X,O,2.0,2.0,20.0,Unassociated
478,,,,2001-12-14 00:14:00, A  ,9740,H,S,X,1.0,1.0,10.0,Unassociated
479,,,,2001-12-19 13:00:00, A  ,9744,H,S,X,5.0,5.0,30.0,Unassociated
480,,,,2001-12-22 00:15:00, B  ,9737,C,S,O,5.0,5.0,30.0,Unassociated
481,,,,2001-12-22 00:15:00, B  ,9746,B,X,O,2.0,4.0,10.0,Unassociated
482,,,,2001-12-23 01:05:00, B  ,9750,D,R,O,2.0,3.0,50.0,Unassociated
483,,,,2001-12-26 15:10:00, B  ,9747,B,X,O,2.0,1.0,10.0,Unassociated
484,,,,2001-12-27 12:54:00, B  ,9745,B,X,O,2.0,2.0,10.0,Unassociated
485,,,,2001-12-28 13:00:00, A  ,9762,H,S,X,1.0,1.0,10.0,Unassociated
486,,,,2001-12-29 00:20:00, B  ,9759,B,X,O,4.0,3.0,10.0,Unassociated
487,,,,2001-12-29 16:00:00, A  ,9760,A,X,X,2.0,2.0,10.0,Unassociated
488,,,,2001-12-30 16:00:00, A  ,9757,A,X,X,1.0,1.0,10.0,Unassociated
489,,,,2002-01-01 13:51:00, B  ,9753,C,S,O,7.0,8.0,40.0,Unassociated
490,,,,2002-01-01 13:51:00, B  ,9756,B,X,O,2.0,2.0,10.0,Unassociated
491,,,,2002-01-05 12:53:00, A  ,9755,H,S,X,1.0,3.0,60.0,Unassociated
492,,,,2002-01-06 00:30:00, A  ,9769,H,S,X,1.0,2.0,60.0,Unassociated
493,,,,2002-01-07 00:07:00, A  ,9761,A,X,X,1.0,1.0,10.0,Unassociated
494,,,,2002-01-07 00:07:00, A  ,9763,A,X,X,1.0,1.0,10.0,Unassociated
495,,,,2002-01-07 00:07:00, B  ,9771,B,X,O,6.0,7.0,10.0,Unassociated
496,,,,2002-01-07 07:42:00, B  ,9766,B,X,O,2.0,4.0,10.0,Unassociated
497,,,,2002-01-09 12:34:00, A  ,9765,H,S,X,1.0,2.0,30.0,Unassociated
498,,,,2002-01-12 00:20:00, A  ,9780,H,S,X,1.0,1.0,30.0,Unassociated
499,,,,2002-01-12 15:32:00, A  ,9777,A,X,X,1.0,1.0,10.0,Unassociated
500,,,,2002-01-15 00:35:00, B  ,9776,C,S,O,2.0,2.0,10.0,Unassociated
501,,,,2002-01-15 12:41:00, A  ,9772,H,S,X,1.0,1.0,30.0,Unassociated
502,,,,2002-01-23 00:10:00, A  ,9786,H,A,X,1.0,2.0,60.0,Unassociated
503,,,,2002-01-23 00:10:00, A  ,9781,H,A,X,1.0,2.0,30.0,Unassociated
504,,,,2002-01-25 02:25:00, A  ,9792,A,X,X,2.0,1.0,20.0,Unassociated
505,,,,2002-01-25 02:25:00, B  ,9784,B,X,O,2.0,1.0,50.0,Unassociated
506,,,,2002-01-25 02:25:00, A  ,9795,H,A,X,1.0,1.0,30.0,Unassociated
507,,,,2002-01-25 02:25:00, B  ,9796,C,A,O,3.0,4.0,30.0,Unassociated
508,,,,2002-01-26 12:33:00, B  ,9790,C,S,O,3.0,3.0,30.0,Unassociated
509,,,,2002-01-30 15:20:00, B  ,9803,C,S,O,2.0,6.0,30.0,Unassociated
510,,,,2002-02-01 01:04:00, B  ,9804,C,A,O,3.0,6.0,30.0,Unassociated
511,,,,2002-02-01 15:30:00, A  ,9799,A,X,X,1.0,1.0,20.0,Unassociated
512,,,,2002-02-04 00:42:00, B  ,9813,B,X,O,2.0,3.0,20.0,Unassociated
513,,,,2002-02-05 16:20:00, B  ,9817,B,X,O,2.0,3.0,20.0,Unassociated
514,,,,2002-02-05 16:20:00, A  ,9812,A,X,X,1.0,1.0,10.0,Unassociated
515,,,,2002-02-08 00:15:00, A  ,9805,H,S,X,1.0,1.0,10.0,Unassociated
516,,,,2002-02-08 15:15:00, A  ,9806,H,S,X,2.0,5.0,30.0,Unassociated
517,,,,2002-02-09 00:45:00, A  ,9814,H,R,X,1.0,1.0,10.0,Unassociated
518,,,,2002-02-09 18:27:00, B  ,9820,B,X,O,3.0,3.0,10.0,Unassociated
519,,,,2002-02-09 18:27:00, A  ,9818,A,X,X,3.0,2.0,10.0,Unassociated
520,,,,2002-02-14 00:20:00, A  ,9810,H,S,X,1.0,2.0,60.0,Unassociated
521,,,,2002-02-15 15:42:00, A  ,9823,H,S,X,1.0,1.0,20.0,Unassociated
522,,,,2002-02-17 00:26:00, B  ,9819,B,X,O,2.0,2.0,50.0,Unassociated
523,,,,2002-02-17 19:10:00, A  ,9831,A,X,X,1.0,1.0,10.0,Unassociated
524,,,,2002-02-20 07:40:00, A  ,9828,A,X,X,2.0,1.0,40.0,Unassociated
525,,,,2002-02-21 00:28:00, B  ,9832,C,S,O,2.0,2.0,30.0,Unassociated
526,,,,2002-02-21 08:03:00, A  ,9824,H,S,X,1.0,3.0,30.0,Unassociated
527,,,,2002-02-21 17:15:00, A  ,9834,A,X,X,1.0,1.0,10.0,Unassociated
528,,,,2002-02-22 14:50:00, B  ,9835,D,A,O,2.0,3.0,90.0,Unassociated
529,,,,2002-02-23 15:45:00, B  ,9838,C,S,O,3.0,4.0,10.0,Unassociated
530,,,,2002-02-26 07:55:00, B  ,9849,C,R,O,3.0,6.0,40.0,Unassociated
531,,,,2002-03-01 04:00:00, B  ,9842,D,A,O,4.0,8.0,90.0,Unassociated
532,,,,2002-03-01 04:00:00, A  ,9850,A,X,X,2.0,2.0,10.0,Unassociated
533,,,,2002-03-04 00:15:00, B  ,9854,C,R,O,5.0,3.0,30.0,Unassociated
534,,,,2002-03-04 00:15:00, B  ,9840,C,A,O,5.0,5.0,60.0,Unassociated
535,,,,2002-03-04 11:52:00, A  ,9855,A,X,X,2.0,2.0,10.0,Unassociated
536,,,,2002-03-05 14:45:00, A  ,9843,A,X,X,1.0,1.0,20.0,Unassociated
537,,,,2002-03-06 00:15:00, B  ,9857,D,S,O,2.0,6.0,50.0,Unassociated
538,,,,2002-03-06 14:50:00, A  ,9852,A,X,X,3.0,2.0,10.0,Unassociated
539,,,,2002-03-06 14:50:00, A  ,9858,A,X,X,1.0,1.0,10.0,Unassociated
540,,,,2002-03-08 12:45:00, B  ,9862,C,S,O,2.0,2.0,30.0,Unassociated
541,,,,2002-03-08 12:45:00, A  ,9863,A,X,X,1.0,1.0,10.0,Unassociated
542,,,,2002-03-10 00:15:00, B  ,9853,C,R,O,2.0,3.0,20.0,Unassociated
543,,,,2002-03-12 00:22:00, B  ,9865,D,S,O,5.0,7.0,40.0,Unassociated
544,,,,2002-03-12 15:00:00, A  ,9867,A,X,X,1.0,1.0,10.0,Unassociated
545,,,,2002-03-14 15:45:00, A  ,9861,H,A,X,1.0,1.0,20.0,Unassociated
546,,,,2002-03-15 12:46:00, B  ,9860,C,S,O,5.0,2.0,20.0,Unassociated
547,,,,2002-03-15 13:00:00, B  ,9869,C,R,O,3.0,4.0,20.0,Unassociated
548,,,,2002-03-15 14:57:00, A  ,9856,A,X,X,1.0,1.0,20.0,Unassociated
549,,,,2002-03-16 12:21:00, B  ,9868,C,S,O,4.0,3.0,10.0,Unassociated
550,,,,2002-03-19 00:40:00, B  ,9872,D,S,O,2.0,7.0,20.0,Unassociated
551,,,,2002-03-21 06:32:00, A  ,9874,A,X,X,3.0,2.0,10.0,Unassociated
552,,,,2002-03-23 12:18:00, B  ,9877,D,S,O,7.0,9.0,150.0,Unassociated
553,,,,2002-03-24 00:25:00, B  ,9879,D,A,O,5.0,9.0,60.0,Unassociated
554,,,,2002-04-02 07:10:00, A  ,9883,A,X,X,2.0,3.0,10.0,Unassociated
555,,,,2002-04-02 12:52:00, A  ,9889,H,A,X,1.0,1.0,10.0,Unassociated
556,,,,2002-04-03 18:20:00, B  ,9891,B,X,O,2.0,4.0,10.0,Unassociated
557,,,,2002-04-06 15:10:00, A  ,9894,H,A,X,1.0,1.0,20.0,Unassociated
558,,,,2002-04-06 15:10:00, A  ,9895,A,X,X,3.0,2.0,10.0,Unassociated
559,,,,2002-04-08 07:34:00, B  ,9892,C,R,O,2.0,2.0,10.0,Unassociated
560,,,,2002-04-11 00:50:00, A  ,9897,A,X,X,1.0,1.0,10.0,Unassociated
561,,,,2002-04-15 13:56:00, A  ,9908,A,X,X,1.0,1.0,10.0,Unassociated
562,,,,2002-04-16 14:05:00, A  ,9903,A,X,X,2.0,2.0,10.0,Unassociated
563,,,,2002-04-17 14:25:00, A  ,9896,A,X,X,1.0,1.0,10.0,Unassociated
564,,,,2002-04-19 12:30:00, A  ,9902,H,S,X,1.0,2.0,30.0,Unassociated
565,,,,2002-04-20 17:00:00, B  ,9911,B,X,O,5.0,6.0,10.0,Unassociated
566,,,,2002-04-25 01:00:00, A  ,9910,H,S,X,2.0,2.0,40.0,Unassociated
567,,,,2002-04-25 01:00:00, A  ,9909,H,S,X,1.0,1.0,20.0,Unassociated
568,,,,2002-04-27 00:28:00, B  ,9920,C,R,O,2.0,2.0,10.0,Unassociated
569,,,,2002-04-27 14:23:00, A  ,9925,H,S,X,1.0,1.0,10.0,Unassociated
570,,,,2002-04-27 14:23:00, A  ,9923,A,X,X,1.0,1.0,10.0,Unassociated
571,,,,2002-05-01 15:10:00, A  ,9922,A,X,X,3.0,2.0,20.0,Unassociated
572,,,,2002-05-03 14:20:00, B  ,9930,C,R,O,2.0,5.0,20.0,Unassociated
573,,,,2002-05-05 13:46:00, A  ,9927,A,X,X,3.0,2.0,10.0,Unassociated
574,,,,2002-05-07 15:44:00, A  ,9929,H,A,X,1.0,11.0,90.0,Unassociated
575,,,,2002-05-08 01:25:00, B  ,9942,B,X,O,2.0,2.0,10.0,Unassociated
576,,,,2002-05-08 01:25:00, A  ,9936,A,X,X,1.0,1.0,10.0,Unassociated
577,,,,2002-05-09 01:30:00, A  ,9931,H,A,X,1.0,2.0,60.0,Unassociated
578,,,,2002-05-09 13:50:00, B  ,9944,B,X,O,3.0,8.0,10.0,Unassociated
579,,,,2002-05-10 01:17:00, B  ,9939,C,S,O,17.0,8.0,60.0,Unassociated
580,,,,2002-05-10 14:00:00, A  ,9941,H,S,X,1.0,1.0,10.0,Unassociated
581,,,,2002-05-11 13:20:00, A  ,9938,H,S,X,1.0,1.0,10.0,Unassociated
582,,,,2002-05-11 15:05:00, A  ,9947,A,X,X,1.0,1.0,20.0,Unassociated
583,,,,2002-05-13 00:35:00, A  ,9933,H,S,X,1.0,2.0,40.0,Unassociated
584,,,,2002-05-14 13:35:00, B  ,9949,B,X,O,2.0,5.0,20.0,Unassociated
585,,,,2002-05-16 14:10:00, B  ,9953,B,X,O,6.0,5.0,60.0,Unassociated
586,,,,2002-05-18 15:30:00, B  ,9951,B,X,O,3.0,3.0,10.0,Unassociated
587,,,,2002-05-20 14:41:00, A  ,9950,A,X,X,1.0,1.0,30.0,Unassociated
588,,,,2002-05-25 13:45:00, B  ,9968,B,X,O,2.0,3.0,10.0,Unassociated
589,,,,2002-05-27 13:45:00, A  ,9958,H,S,X,1.0,1.0,30.0,Unassociated
590,,,,2002-05-27 13:45:00, B  ,9964,B,X,O,3.0,3.0,20.0,Unassociated
591,,,,2002-05-29 06:30:00, A  ,9966,H,S,X,1.0,1.0,10.0,Unassociated
592,,,,2002-05-29 15:00:00, A  ,9962,A,X,X,1.0,1.0,10.0,Unassociated
593,,,,2002-05-31 13:44:00, B  ,9967,D,S,O,5.0,4.0,20.0,Unassociated
594,,,,2002-06-01 14:09:00, A  ,9965,H,S,X,1.0,1.0,60.0,Unassociated
595,,,,2002-06-01 14:09:00, B  ,9976,B,X,O,2.0,3.0,10.0,Unassociated
596,,,,2002-06-05 00:45:00, B  ,9970,D,S,O,2.0,7.0,40.0,Unassociated
597,,,,2002-06-05 00:45:00, A  ,9980,H,S,X,1.0,1.0,10.0,Unassociated
598,,,,2002-06-05 13:24:00, A  ,9984,A,X,X,2.0,2.0,10.0,Unassociated
599,,,,2002-06-08 13:22:00, A  ,9989,A,X,X,1.0,1.0,10.0,Unassociated
600,,,,2002-06-08 13:22:00, A  ,9983,A,X,X,1.0,1.0,10.0,Unassociated
601,,,,2002-06-10 00:20:00, B  ,9982,C,S,O,3.0,2.0,20.0,Unassociated
602,,,,2002-06-10 14:20:00, A  ,9990,A,X,X,1.0,1.0,10.0,Unassociated
603,,,,2002-06-11 00:25:00, A  ,9994,H,S,X,2.0,1.0,20.0,Unassociated
604,,,,2002-06-11 00:25:00, A  ,9981,A,X,X,1.0,1.0,10.0,Unassociated
605,,,,2002-06-13 05:45:00, A  ,9996,H,R,X,1.0,1.0,10.0,Unassociated
606,,,,2002-06-13 05:45:00, A  ,9985,H,S,X,1.0,3.0,30.0,Unassociated
607,,,,2002-06-13 05:45:00, A  ,9995,A,X,X,1.0,1.0,10.0,Unassociated
608,,,,2002-06-13 13:05:00, A  ,9993,H,R,X,1.0,1.0,10.0,Unassociated
609,,,,2002-06-14 11:25:00, B  ,9986,C,S,O,4.0,4.0,20.0,Unassociated
610,,,,2002-06-16 00:33:00, A  ,9999,H,S,X,1.0,1.0,40.0,Unassociated
611,,,,2002-06-20 00:15:00, B  ,9998,C,S,O,4.0,3.0,10.0,Unassociated
612,,,,2002-06-20 16:21:00, A  ,10007,H,S,X,1.0,1.0,160.0,Unassociated
613,,,,2002-06-21 00:23:00, B  ,10003,B,X,O,3.0,1.0,10.0,Unassociated
614,,,,2002-06-21 12:56:00, B  ,10009,B,X,O,2.0,2.0,10.0,Unassociated
615,,,,2002-06-21 12:56:00, B  ,10004,B,X,O,3.0,2.0,10.0,Unassociated
616,,,,2002-06-21 13:38:00, A  ,10006,A,X,X,2.0,1.0,10.0,Unassociated
617,,,,2002-06-24 00:25:00, A  ,10014,A,X,X,1.0,1.0,10.0,Unassociated
618,,,,2002-06-24 00:25:00, B  ,10010,C,S,O,4.0,4.0,20.0,Unassociated
619,,,,2002-06-25 08:00:00, B  ,10013,B,X,O,2.0,4.0,10.0,Unassociated
620,,,,2002-06-26 15:37:00, A  ,10001,H,S,X,1.0,2.0,90.0,Unassociated
621,,,,2002-06-28 00:08:00, B  ,10015,D,A,O,5.0,7.0,30.0,Unassociated
622,,,,2002-06-30 14:58:00, B  ,10012,C,S,O,3.0,4.0,30.0,Unassociated
623,,,,2002-07-01 11:51:00, B  ,10018,D,A,O,2.0,5.0,90.0,Unassociated
624,,,,2002-07-03 12:23:00, B  ,10011,C,S,O,2.0,6.0,50.0,Unassociated
625,,,,2002-07-03 21:43:00, A  ,10020,A,X,X,1.0,1.0,10.0,Unassociated
626,,,,2002-07-06 05:35:00, A  ,10026,H,R,X,9.0,1.0,20.0,Unassociated
627,,,,2002-07-07 07:36:00, A  ,10016,H,S,X,1.0,1.0,20.0,Unassociated
628,,,,2002-07-08 06:20:00, A  ,10022,A,X,X,3.0,2.0,10.0,Unassociated
629,,,,2002-07-09 12:44:00, B  ,10027,C,S,O,2.0,3.0,10.0,Unassociated
630,,,,2002-07-10 06:15:00, A  ,10023,H,R,X,1.0,1.0,10.0,Unassociated
631,,,,2002-07-10 14:47:00, B  ,10024,B,X,O,3.0,5.0,20.0,Unassociated
632,,,,2002-07-13 15:15:00, A  ,10032,A,X,X,3.0,2.0,10.0,Unassociated
633,,,,2002-07-17 01:44:00, B  ,10029,B,X,O,2.0,3.0,20.0,Unassociated
634,,,,2002-07-17 13:20:00, A  ,10028,H,A,X,1.0,2.0,120.0,Unassociated
635,,,,2002-07-18 05:22:00, A  ,10033,A,X,X,2.0,2.0,10.0,Unassociated
636,,,,2002-07-18 20:10:00, B  ,10034,B,X,O,2.0,3.0,10.0,Unassociated
637,,,,2002-07-19 12:32:00, B  ,10031,B,X,O,2.0,4.0,20.0,Unassociated
638,,,,2002-07-25 01:30:00, B  ,10041,B,X,O,4.0,3.0,10.0,Unassociated
639,,,,2002-07-25 14:00:00, A  ,10046,A,X,X,1.0,1.0,10.0,Unassociated
640,,,,2002-07-27 01:50:00, B  ,10049,D,A,O,10.0,5.0,30.0,Unassociated
641,,,,2002-07-27 01:50:00, B  ,10047,C,A,O,7.0,4.0,30.0,Unassociated
642,,,,2002-07-29 01:30:00, B  ,10053,C,R,O,3.0,2.0,30.0,Unassociated
643,,,,2002-07-29 16:20:00, A  ,10045,A,X,X,2.0,1.0,10.0,Unassociated
644,,,,2002-07-30 02:50:00, B  ,10052,C,S,O,2.0,1.0,20.0,Unassociated
645,,,,2002-07-30 06:30:00, A  ,10042,A,X,X,1.0,1.0,10.0,Unassociated
646,,,,2002-08-02 05:40:00, B  ,10056,B,X,O,3.0,4.0,10.0,Unassociated
647,,,,2002-08-05 13:39:00, A  ,10054,A,X,X,2.0,2.0,10.0,Unassociated
648,,,,2002-08-05 13:39:00, B  ,10060,B,X,O,2.0,8.0,20.0,Unassociated
649,,,,2002-08-08 07:00:00, A  ,10051,H,S,X,1.0,1.0,30.0,Unassociated
650,,,,2002-08-09 00:20:00, B  ,10064,A,H,O,3.0,3.0,20.0,Unassociated
651,,,,2002-08-10 12:45:00, B  ,10059,B,X,O,3.0,3.0,20.0,Unassociated
652,,,,2002-08-12 14:00:00, A  ,10070,A,X,X,2.0,2.0,10.0,Unassociated
653,,,,2002-08-13 15:00:00, A  ,10071,A,X,X,1.0,1.0,10.0,Unassociated
654,,,,2002-08-13 15:00:00, A  ,10077,H,S,X,1.0,1.0,20.0,Unassociated
655,,,,2002-08-14 15:25:00, A  ,10065,A,X,X,1.0,1.0,10.0,Unassociated
656,,,,2002-08-15 18:00:00, B  ,10075,B,X,O,4.0,4.0,10.0,Unassociated
657,,,,2002-08-16 08:00:00, B  ,10072,D,S,O,2.0,5.0,80.0,Unassociated
658,,,,2002-08-19 12:17:00, B  ,10068,B,X,O,2.0,3.0,30.0,Unassociated
659,,,,2002-08-20 10:00:00, A  ,10082,H,R,X,1.0,1.0,10.0,Unassociated
660,,,,2002-08-21 00:17:00, A  ,10076,H,S,X,1.0,1.0,10.0,Unassociated
661,,,,2002-08-24 13:17:00, B  ,10086,B,X,O,6.0,6.0,10.0,Unassociated
662,,,,2002-08-25 13:37:00, A  ,10089,A,X,X,1.0,1.0,10.0,Unassociated
663,,,,2002-08-27 14:40:00, A  ,10088,H,A,X,1.0,2.0,60.0,Unassociated
664,,,,2002-08-29 12:20:00, A  ,10084,H,S,X,1.0,1.0,30.0,Unassociated
665,,,,2002-09-04 15:23:00, A  ,10090,H,S,X,1.0,1.0,30.0,Unassociated
666,,,,2002-09-05 14:21:00, A  ,10098,A,X,X,2.0,2.0,10.0,Unassociated
667,,,,2002-09-07 14:22:00, A  ,10099,A,X,X,6.0,3.0,20.0,Unassociated
668,,,,2002-09-09 15:30:00, B  ,10106,B,X,O,3.0,3.0,20.0,Unassociated
669,,,,2002-09-10 00:13:00, B  ,10104,B,X,O,4.0,2.0,20.0,Unassociated
670,,,,2002-09-11 01:38:00, B  ,10101,B,X,O,3.0,3.0,10.0,Unassociated
671,,,,2002-09-11 12:40:00, B  ,10108,B,X,O,2.0,3.0,10.0,Unassociated
672,,,,2002-09-12 00:20:00, B  ,10100,C,A,O,3.0,3.0,30.0,Unassociated
673,,,,2002-09-14 12:40:00, B  ,10111,D,S,O,6.0,5.0,20.0,Unassociated
674,,,,2002-09-14 15:45:00, B  ,10109,B,X,O,2.0,2.0,10.0,Unassociated
675,,,,2002-09-17 00:05:00, B  ,10118,B,X,O,4.0,2.0,10.0,Unassociated
676,,,,2002-09-19 01:51:00, B  ,10124,C,S,O,2.0,2.0,10.0,Unassociated
677,,,,2002-09-21 15:05:00, B  ,10116,C,S,O,2.0,5.0,50.0,Unassociated
678,,,,2002-09-25 00:20:00, B  ,10131,B,X,O,4.0,4.0,10.0,Unassociated
679,,,,2002-09-26 15:59:00, B  ,10133,C,S,O,3.0,8.0,10.0,Unassociated
680,,,,2002-09-27 00:50:00, A  ,10117,H,S,X,1.0,2.0,120.0,Unassociated
681,,,,2002-09-28 01:20:00, B  ,10122,C,A,O,3.0,3.0,60.0,Unassociated
682,,,,2002-09-28 14:00:00, B  ,10128,C,S,O,2.0,5.0,300.0,Unassociated
683,,,,2002-09-30 00:20:00, B  ,10135,B,X,O,2.0,3.0,20.0,Unassociated
684,,,,2002-09-30 00:20:00, B  ,10129,B,X,O,2.0,2.0,20.0,Unassociated
685,,,,2002-10-01 13:05:00, B  ,10136,B,X,O,3.0,3.0,10.0,Unassociated
686,,,,2002-10-05 01:20:00, A  ,10138,H,S,X,3.0,2.0,20.0,Unassociated
687,,,,2002-10-09 08:39:00, B  ,10141,D,A,O,4.0,3.0,20.0,Unassociated
688,,,,2002-10-10 00:50:00, B  ,10147,B,X,O,2.0,3.0,20.0,Unassociated
689,,,,2002-10-11 00:45:00, B  ,10152,D,R,O,2.0,6.0,10.0,Unassociated
690,,,,2002-10-11 00:45:00, B  ,10142,B,X,O,4.0,5.0,10.0,Unassociated
691,,,,2002-10-12 06:10:00, B  ,10146,B,X,O,2.0,2.0,20.0,Unassociated
692,,,,2002-10-12 06:10:00, A  ,10156,H,R,X,1.0,1.0,10.0,Unassociated
693,,,,2002-10-12 12:07:00, B  ,10155,B,X,O,4.0,3.0,10.0,Unassociated
694,,,,2002-10-17 00:15:00, A  ,10144,H,S,X,1.0,2.0,30.0,Unassociated
695,,,,2002-10-18 00:15:00, A  ,10151,A,X,X,1.0,1.0,10.0,Unassociated
696,,,,2002-10-18 00:15:00, B  ,10161,B,X,O,2.0,2.0,10.0,Unassociated
697,,,,2002-10-18 18:10:00, B  ,10157,B,X,O,2.0,3.0,10.0,Unassociated
698,,,,2002-10-19 15:10:00, A  ,10148,A,X,X,1.0,1.0,10.0,Unassociated
699,,,,2002-10-25 12:58:00, A  ,10168,H,S,X,1.0,1.0,20.0,Unassociated
700,,,,2002-10-28 00:57:00, B  ,10164,C,R,O,4.0,2.0,10.0,Unassociated
701,,,,2002-10-30 00:30:00, B  ,10170,C,S,O,4.0,3.0,10.0,Unassociated
702,,,,2002-10-30 14:50:00, B  ,10172,C,R,X,4.0,3.0,30.0,Unassociated
703,,,,2002-10-31 02:20:00, B  ,10169,D,S,O,3.0,4.0,30.0,Unassociated
704,,,,2002-11-02 12:36:00, A  ,10171,H,S,X,1.0,1.0,10.0,Unassociated
705,,,,2002-11-03 00:22:00, B  ,10174,B,X,O,4.0,3.0,20.0,Unassociated
706,,,,2002-11-03 14:50:00, A  ,10167,A,X,X,1.0,1.0,10.0,Unassociated
707,,,,2002-11-04 01:00:00, B  ,10183,B,X,O,2.0,1.0,20.0,Unassociated
708,,,,2002-11-05 08:28:00, B  ,10181,D,A,O,9.0,6.0,180.0,Unassociated
709,,,,2002-11-05 11:50:00, A  ,10178,H,S,X,1.0,3.0,60.0,Unassociated
710,,,,2002-11-07 12:10:00, A  ,10179,A,X,X,2.0,1.0,10.0,Unassociated
711,,,,2002-11-08 00:15:00, A  ,10184,A,X,X,3.0,2.0,10.0,Unassociated
712,,,,2002-11-08 00:15:00, B  ,10186,B,X,O,4.0,4.0,10.0,Unassociated
713,,,,2002-11-11 00:21:00, A  ,10176,H,S,X,1.0,2.0,100.0,Unassociated
714,,,,2002-11-13 00:10:00, B  ,10189,C,A,O,5.0,3.0,20.0,Unassociated
715,,,,2002-11-13 15:50:00, B  ,10193,B,X,O,2.0,3.0,10.0,Unassociated
716,,,,2002-11-15 00:30:00, B  ,10190,B,X,O,2.0,6.0,20.0,Unassociated
717,,,,2002-11-15 14:54:00, A  ,10196,A,X,X,1.0,1.0,10.0,Unassociated
718,,,,2002-11-21 16:40:00, A  ,10194,H,S,X,1.0,1.0,50.0,Unassociated
719,,,,2002-11-25 12:22:00, B  ,10201,B,X,O,4.0,3.0,10.0,Unassociated
720,,,,2002-11-26 12:42:00, B  ,10199,B,X,O,2.0,2.0,10.0,Unassociated
721,,,,2002-11-28 14:55:00, A  ,10200,H,S,X,1.0,1.0,20.0,Unassociated
722,,,,2002-11-30 12:20:00, A  ,10206,A,X,X,1.0,1.0,10.0,Unassociated
723,,,,2002-12-01 12:20:00, A  ,10210,H,A,X,1.0,2.0,60.0,Unassociated
724,,,,2002-12-02 12:25:00, B  ,10202,B,X,O,4.0,4.0,20.0,Unassociated
725,,,,2002-12-02 14:57:00, A  ,10204,A,X,X,1.0,1.0,10.0,Unassociated
726,,,,2002-12-04 00:05:00, B  ,10203,B,X,O,3.0,3.0,10.0,Unassociated
727,,,,2002-12-09 15:50:00, B  ,10205,C,A,O,2.0,4.0,120.0,Unassociated
728,,,,2002-12-10 00:15:00, B  ,10216,D,S,O,2.0,8.0,20.0,Unassociated
729,,,,2002-12-11 15:43:00, B  ,10212,C,S,O,4.0,6.0,20.0,Unassociated
730,,,,2002-12-11 15:43:00, A  ,10219,A,X,X,1.0,1.0,10.0,Unassociated
731,,,,2002-12-12 15:16:00, B  ,10215,C,S,O,2.0,3.0,10.0,Unassociated
732,,,,2002-12-12 15:16:00, A  ,10217,H,S,X,1.0,1.0,20.0,Unassociated
733,,,,2002-12-14 12:40:00, B  ,10222,C,S,O,4.0,3.0,50.0,Unassociated
734,,,,2002-12-14 15:45:00, A  ,10221,A,X,X,6.0,2.0,10.0,Unassociated
735,,,,2002-12-18 12:37:00, A  ,10218,A,X,X,1.0,1.0,20.0,Unassociated
736,,,,2002-12-20 13:06:00, B  ,10228,B,X,O,2.0,3.0,10.0,Unassociated
737,,,,2002-12-22 12:00:00, B  ,10232,B,X,O,2.0,6.0,10.0,Unassociated
738,,,,2002-12-29 00:18:00, B  ,10233,C,R,O,2.0,2.0,10.0,Unassociated
739,,,,2002-12-29 15:06:00, A  ,10236,H,S,X,1.0,1.0,10.0,Unassociated
740,,,,2002-12-30 01:20:00, B  ,10235,C,S,O,2.0,2.0,20.0,Unassociated
741,,,,2003-01-04 00:18:00, B  ,10241,D,R,O,3.0,6.0,30.0,Unassociated
742,,,,2003-01-07 00:10:00, B  ,10246,D,R,O,3.0,4.0,20.0,Unassociated
743,,,,2003-01-07 16:52:00, B  ,10240,C,S,O,3.0,3.0,30.0,Unassociated
744,,,,2003-01-07 16:52:00, A  ,10239,H,A,X,2.0,4.0,60.0,Unassociated
745,,,,2003-01-09 12:41:00, B  ,10248,C,S,O,2.0,3.0,10.0,Unassociated
746,,,,2003-01-12 00:20:00, A  ,10252,A,X,X,2.0,2.0,10.0,Unassociated
747,,,,2003-01-13 00:20:00, B  ,10253,C,R,O,5.0,6.0,20.0,Unassociated
748,,,,2003-01-14 12:28:00, B  ,10245,B,X,O,2.0,1.0,10.0,Unassociated
749,,,,2003-01-15 08:23:00, A  ,10249,A,X,X,2.0,1.0,30.0,Unassociated
750,,,,2003-01-20 01:47:00, B  ,10256,B,X,O,4.0,3.0,10.0,Unassociated
751,,,,2003-01-21 00:03:00, B  ,10257,D,A,O,2.0,2.0,80.0,Unassociated
752,,,,2003-01-21 00:03:00, B  ,10261,D,A,O,3.0,4.0,40.0,Unassociated
753,,,,2003-01-21 12:35:00, A  ,10262,A,X,X,1.0,1.0,10.0,Unassociated
754,,,,2003-01-22 13:06:00, B  ,10259,B,X,O,3.0,2.0,10.0,Unassociated
755,,,,2003-01-30 12:36:00, A  ,10270,H,S,X,1.0,1.0,30.0,Unassociated
756,,,,2003-01-31 00:26:00, A  ,10271,H,A,X,2.0,2.0,60.0,Unassociated
757,,,,2003-02-01 16:30:00, A  ,10275,A,X,X,3.0,3.0,10.0,Unassociated
758,,,,2003-02-02 07:14:00, A  ,10269,H,S,X,1.0,1.0,30.0,Unassociated
759,,,,2003-02-03 07:05:00, A  ,10272,H,R,X,1.0,1.0,30.0,Unassociated
760,,,,2003-02-08 12:21:00, B  ,10279,B,X,O,3.0,2.0,10.0,Unassociated
761,,,,2003-02-09 12:02:00, B  ,10286,C,S,O,5.0,3.0,10.0,Unassociated
762,,,,2003-02-15 00:15:00, B  ,10283,C,R,O,5.0,5.0,20.0,Unassociated
763,,,,2003-02-15 00:15:00, A  ,10281,H,S,X,3.0,3.0,10.0,Unassociated
764,,,,2003-02-15 12:55:00, A  ,10287,H,A,X,4.0,2.0,30.0,Unassociated
765,,,,2003-02-16 13:08:00, B  ,10285,C,S,O,4.0,3.0,10.0,Unassociated
766,,,,2003-02-22 12:40:00, B  ,10291,C,S,O,3.0,4.0,10.0,Unassociated
767,,,,2003-03-05 02:10:00, B  ,10298,D,A,O,7.0,9.0,30.0,Unassociated
768,,,,2003-03-06 15:45:00, A  ,10294,A,X,X,1.0,1.0,10.0,Unassociated
769,,,,2003-03-07 15:30:00, A  ,10312,A,X,X,2.0,2.0,20.0,Unassociated
770,,,,2003-03-08 01:40:00, B  ,10295,B,X,O,2.0,3.0,10.0,Unassociated
771,,,,2003-03-08 12:30:00, B  ,10303,B,X,O,2.0,4.0,10.0,Unassociated
772,,,,2003-03-09 00:12:00, B  ,10307,D,R,O,6.0,4.0,20.0,Unassociated
773,,,,2003-03-10 00:41:00, A  ,10309,H,S,X,1.0,1.0,20.0,Unassociated
774,,,,2003-03-10 12:20:00, B  ,10299,C,S,O,3.0,3.0,30.0,Unassociated
775,,,,2003-03-11 00:35:00, B  ,10302,C,R,O,3.0,2.0,20.0,Unassociated
776,,,,2003-03-11 14:36:00, B  ,10305,B,X,O,6.0,8.0,110.0,Unassociated
777,,,,2003-03-14 12:30:00, A  ,10300,A,X,X,1.0,1.0,20.0,Unassociated
778,,,,2003-03-16 00:22:00, A  ,10315,A,X,X,2.0,1.0,20.0,Unassociated
779,,,,2003-03-16 12:02:00, B  ,10308,B,X,O,4.0,3.0,20.0,Unassociated
780,,,,2003-03-17 12:20:00, B  ,10313,B,X,O,4.0,1.0,10.0,Unassociated
781,,,,2003-03-22 00:17:00, A  ,10317,A,X,X,1.0,1.0,10.0,Unassociated
782,,,,2003-03-23 15:15:00, B  ,10316,B,X,O,3.0,2.0,10.0,Unassociated
783,,,,2003-04-02 15:00:00, A  ,10328,A,X,X,5.0,3.0,10.0,Unassociated
784,,,,2003-04-04 08:01:00, A  ,10329,H,S,X,1.0,1.0,20.0,Unassociated
785,,,,2003-04-04 12:00:00, A  ,10327,A,X,X,2.0,1.0,10.0,Unassociated
786,,,,2003-04-10 11:55:00, B  ,10331,C,S,O,2.0,4.0,10.0,Unassociated
787,,,,2003-04-15 12:10:00, B  ,10332,C,R,O,5.0,3.0,10.0,Unassociated
788,,,,2003-04-22 00:30:00, A  ,10334,H,S,X,3.0,2.0,20.0,Unassociated
789,,,,2003-04-23 00:26:00, B  ,10341,C,A,O,4.0,3.0,20.0,Unassociated
790,,,,2003-04-27 12:21:00, B  ,10342,C,S,O,4.0,3.0,20.0,Unassociated
791,,,,2003-04-27 12:21:00, B  ,10343,B,X,O,5.0,3.0,10.0,Unassociated
792,,,,2003-04-28 00:35:00, B  ,10336,B,X,O,4.0,4.0,10.0,Unassociated
793,,,,2003-04-30 14:21:00, B  ,10340,D,A,O,7.0,8.0,90.0,Unassociated
794,,,,2003-05-02 00:45:00, B  ,10350,D,A,O,5.0,10.0,60.0,Unassociated
795,,,,2003-05-02 00:45:00, B  ,10352,B,X,O,4.0,5.0,20.0,Unassociated
796,,,,2003-05-03 01:45:00, B  ,10347,B,X,O,2.0,3.0,10.0,Unassociated
797,,,,2003-05-07 00:30:00, A  ,10355,H,R,X,1.0,1.0,10.0,Unassociated
798,,,,2003-05-11 03:10:00, B  ,10353,B,X,O,3.0,3.0,10.0,Unassociated
799,,,,2003-05-12 14:25:00, A  ,10351,H,S,X,1.0,2.0,110.0,Unassociated
800,,,,2003-05-16 14:05:00, A  ,10359,A,X,X,2.0,2.0,20.0,Unassociated
801,,,,2003-05-17 00:15:00, B  ,10354,C,R,O,3.0,3.0,30.0,Unassociated
802,,,,2003-05-19 01:36:00, B  ,10356,B,X,O,2.0,3.0,20.0,Unassociated
803,,,,2003-05-20 00:52:00, B  ,10361,B,X,O,4.0,5.0,10.0,Unassociated
804,,,,2003-05-20 00:52:00, B  ,10358,B,X,O,3.0,3.0,10.0,Unassociated
805,,,,2003-05-22 14:30:00, B  ,10357,C,S,O,6.0,8.0,60.0,Unassociated
806,,,,2003-05-24 01:15:00, A  ,10366,A,X,X,1.0,1.0,10.0,Unassociated
807,,,,2003-05-24 01:15:00, A  ,10369,A,X,X,1.0,1.0,10.0,Unassociated
808,,,,2003-05-26 07:00:00, A  ,10370,H,R,X,1.0,1.0,10.0,Unassociated
809,,,,2003-05-28 00:24:00, B  ,10372,B,X,O,3.0,4.0,10.0,Unassociated
810,,,,2003-05-29 00:15:00, A  ,10374,A,X,X,1.0,1.0,10.0,Unassociated
811,,,,2003-05-29 14:18:00, A  ,10367,H,A,X,2.0,2.0,10.0,Unassociated
812,,,,2003-06-08 15:45:00, A  ,10376,A,X,X,1.0,1.0,10.0,Unassociated
813,,,,2003-06-15 01:00:00, B  ,10384,B,X,O,2.0,1.0,30.0,Unassociated
814,,,,2003-06-15 01:00:00, B  ,10382,B,X,O,2.0,7.0,20.0,Unassociated
815,,,,2003-06-15 13:57:00, A  ,10377,H,A,X,1.0,2.0,180.0,Unassociated
816,,,,2003-06-16 05:23:00, A  ,10381,H,R,X,1.0,1.0,10.0,Unassociated
817,,,,2003-06-21 07:13:00, A  ,10383,A,X,X,1.0,1.0,10.0,Unassociated
818,,,,2003-06-21 14:00:00, B  ,10385,C,S,O,3.0,8.0,20.0,Unassociated
819,,,,2003-06-21 14:00:00, A  ,10389,A,X,X,2.0,2.0,10.0,Unassociated
820,,,,2003-06-30 00:22:00, B  ,10387,C,A,O,2.0,7.0,60.0,Unassociated
821,,,,2003-07-02 04:55:00, A  ,10394,H,S,X,1.0,1.0,10.0,Unassociated
822,,,,2003-07-03 02:00:00, A  ,10395,A,X,X,1.0,1.0,10.0,Unassociated
823,,,,2003-07-03 02:00:00, A  ,10392,A,X,X,1.0,1.0,10.0,Unassociated
824,,,,2003-07-04 00:19:00, B  ,10399,B,X,O,5.0,5.0,20.0,Unassociated
825,,,,2003-07-04 00:19:00, A  ,10390,H,S,X,1.0,2.0,30.0,Unassociated
826,,,,2003-07-06 14:50:00, B  ,10398,B,X,O,5.0,2.0,10.0,Unassociated
827,,,,2003-07-11 15:00:00, A  ,10403,A,X,X,4.0,2.0,10.0,Unassociated
828,,,,2003-07-16 14:00:00, A  ,10407,A,X,X,3.0,1.0,10.0,Unassociated
829,,,,2003-07-21 16:36:00, A  ,10413,A,X,X,1.0,1.0,10.0,Unassociated
830,,,,2003-07-22 15:05:00, A  ,10405,A,X,X,1.0,1.0,20.0,Unassociated
831,,,,2003-07-23 01:31:00, B  ,10416,B,X,O,3.0,6.0,20.0,Unassociated
832,,,,2003-07-24 01:37:00, A  ,10418,A,X,X,1.0,1.0,10.0,Unassociated
833,,,,2003-07-26 08:43:00, A  ,10411,H,R,X,1.0,1.0,10.0,Unassociated
834,,,,2003-07-29 06:15:00, A  ,10414,H,S,X,1.0,5.0,60.0,Unassociated
835,,,,2003-08-06 01:40:00, A  ,10420,H,A,X,1.0,1.0,50.0,Unassociated
836,,,,2003-08-06 01:40:00, B  ,10426,B,X,O,2.0,2.0,10.0,Unassociated
837,,,,2003-08-07 01:46:00, A  ,10428,H,S,X,2.0,1.0,20.0,Unassociated
838,,,,2003-08-12 15:00:00, B  ,10430,C,A,O,3.0,4.0,60.0,Unassociated
839,,,,2003-08-14 15:45:00, B  ,10429,C,A,O,8.0,7.0,40.0,Unassociated
840,,,,2003-08-18 01:04:00, B  ,10435,D,S,O,2.0,2.0,20.0,Unassociated
841,,,,2003-08-20 06:26:00, A  ,10434,A,X,X,1.0,1.0,10.0,Unassociated
842,,,,2003-08-21 12:33:00, A  ,10433,A,X,X,1.0,1.0,20.0,Unassociated
843,,,,2003-08-21 12:33:00, A  ,10432,H,R,X,2.0,1.0,20.0,Unassociated
844,,,,2003-08-25 14:45:00, A  ,10439,H,S,X,1.0,1.0,30.0,Unassociated
845,,,,2003-08-27 00:45:00, A  ,10440,A,X,X,1.0,2.0,20.0,Unassociated
846,,,,2003-08-28 18:35:00, A  ,10446,A,X,X,2.0,2.0,10.0,Unassociated
847,,,,2003-08-29 02:40:00, B  ,10443,B,X,O,2.0,3.0,20.0,Unassociated
848,,,,2003-08-30 01:30:00, A  ,10441,A,X,X,1.0,1.0,20.0,Unassociated
849,,,,2003-08-31 01:25:00, B  ,10447,C,R,O,2.0,2.0,10.0,Unassociated
850,,,,2003-09-04 08:35:00, B  ,10448,B,X,O,3.0,4.0,20.0,Unassociated
851,,,,2003-09-07 15:30:00, B  ,10454,B,X,O,4.0,7.0,10.0,Unassociated
852,,,,2003-09-08 02:07:00, A  ,10453,H,S,X,1.0,2.0,90.0,Unassociated
853,,,,2003-09-09 00:49:00, B  ,10455,D,A,I,12.0,5.0,60.0,Unassociated
854,,,,2003-09-16 00:21:00, A  ,10458,H,S,X,1.0,2.0,20.0,Unassociated
855,,,,2003-09-16 06:40:00, A  ,10457,H,R,X,1.0,1.0,30.0,Unassociated
856,,,,2003-09-19 15:08:00, B  ,10461,D,A,O,7.0,9.0,100.0,Unassociated
857,,,,2003-09-20 09:25:00, A  ,10462,H,S,X,1.0,3.0,30.0,Unassociated
858,,,,2003-09-23 00:10:00, A  ,10460,H,R,X,3.0,1.0,10.0,Unassociated
859,,,,2003-09-23 09:10:00, B  ,10459,B,X,O,2.0,3.0,10.0,Unassociated
860,,,,2003-09-23 17:04:00, B  ,10468,B,X,O,2.0,3.0,10.0,Unassociated
861,,,,2003-09-28 01:55:00, A  ,10463,A,X,X,1.0,1.0,10.0,Unassociated
862,,,,2003-09-28 14:34:00, B  ,10465,B,X,O,3.0,6.0,10.0,Unassociated
863,,,,2003-10-01 00:10:00, B  ,10467,D,S,O,2.0,4.0,10.0,Unassociated
864,,,,2003-10-01 14:26:00, A  ,10469,H,S,X,1.0,2.0,50.0,Unassociated
865,,,,2003-10-05 00:33:00, B  ,10472,C,S,O,3.0,1.0,10.0,Unassociated
866,,,,2003-10-05 15:20:00, A  ,10474,A,X,X,1.0,1.0,10.0,Unassociated
867,,,,2003-10-07 00:26:00, B  ,10476,B,X,O,2.0,2.0,10.0,Unassociated
868,,,,2003-10-11 00:58:00, A  ,10478,A,X,X,1.0,1.0,10.0,Unassociated
869,,,,2003-10-13 15:50:00, A  ,10475,A,X,X,4.0,3.0,10.0,Unassociated
870,,,,2003-10-17 00:33:00, A  ,10480,A,X,X,2.0,1.0,10.0,Unassociated
871,,,,2003-10-17 14:57:00, A  ,10477,A,X,X,2.0,2.0,30.0,Unassociated
872,,,,2003-10-21 00:14:00, A  ,10479,A,X,X,1.0,1.0,10.0,Unassociated
873,,,,2003-10-22 00:21:00, A  ,10482,H,S,X,1.0,1.0,10.0,Unassociated
874,,,,2003-10-23 15:00:00, B  ,10483,B,X,O,3.0,3.0,10.0,Unassociated
875,,,,2003-10-24 01:45:00, B  ,10481,C,R,O,3.0,3.0,20.0,Unassociated
876,,,,2003-10-24 01:45:00, A  ,10485,A,X,X,2.0,1.0,10.0,Unassociated
877,,,,2003-10-30 01:25:00, B  ,10493,D,A,O,13.0,4.0,70.0,Unassociated
878,,,,2003-10-30 01:25:00, A  ,10490,H,R,X,3.0,1.0,10.0,Unassociated
879,,,,2003-11-02 02:21:00, B  ,10489,C,S,O,3.0,6.0,50.0,Unassociated
880,,,,2003-11-02 15:45:00, A  ,10491,A,X,X,2.0,2.0,20.0,Unassociated
881,,,,2003-11-05 00:57:00, A  ,10487,A,X,X,7.0,3.0,20.0,Unassociated
882,,,,2003-11-05 00:57:00, A  ,10496,A,X,X,1.0,1.0,10.0,Unassociated
883,,,,2003-11-07 00:40:00, A  ,10495,H,S,X,1.0,3.0,120.0,Unassociated
884,,,,2003-11-12 01:01:00, B  ,10499,D,R,O,2.0,9.0,20.0,Unassociated
885,,,,2003-11-15 01:13:00, B  ,10502,B,X,O,2.0,2.0,10.0,Unassociated
886,,,,2003-11-17 15:11:00, B  ,10503,B,X,O,2.0,4.0,10.0,Unassociated
887,,,,2003-11-19 00:03:00, B  ,10504,C,R,O,3.0,2.0,30.0,Unassociated
888,,,,2003-11-23 00:08:00, B  ,10505,B,X,O,2.0,3.0,10.0,Unassociated
889,,,,2003-11-28 00:22:00, A  ,10514,A,X,X,1.0,1.0,10.0,Unassociated
890,,,,2003-11-30 16:10:00, A  ,10512,H,S,X,1.0,1.0,10.0,Unassociated
891,,,,2003-12-04 00:46:00, B  ,10518,B,X,O,3.0,3.0,10.0,Unassociated
892,,,,2003-12-06 00:15:00, A  ,10515,A,X,X,1.0,1.0,10.0,Unassociated
893,,,,2003-12-10 01:05:00, A  ,10516,H,S,X,1.0,2.0,60.0,Unassociated
894,,,,2003-12-18 15:55:00, A  ,10526,H,S,X,1.0,1.0,20.0,Unassociated
895,,,,2003-12-19 00:10:00, A  ,10527,A,X,X,1.0,1.0,10.0,Unassociated
896,,,,2003-12-20 15:22:00, B  ,10524,C,S,O,2.0,3.0,10.0,Unassociated
897,,,,2003-12-23 00:19:00, A  ,10529,A,X,X,1.0,1.0,10.0,Unassociated
898,,,,2003-12-23 00:19:00, A  ,10520,H,R,X,1.0,1.0,20.0,Unassociated
899,,,,2003-12-24 00:13:00, A  ,10523,A,X,X,1.0,1.0,10.0,Unassociated
900,,,,2003-12-28 15:24:00, B  ,10533,D,S,O,2.0,3.0,40.0,Unassociated
901,,,,2003-12-30 16:35:00, A  ,10532,A,X,X,2.0,2.0,10.0,Unassociated
902,,,,2004-01-05 11:50:00, A  ,10535,H,S,X,2.0,4.0,20.0,Unassociated
903,,,,2004-01-08 20:45:00, B  ,10539,B,X,O,2.0,3.0,10.0,Unassociated
904,,,,2004-01-14 01:00:00, B  ,10538,B,X,O,2.0,4.0,30.0,Unassociated
905,,,,2004-01-19 00:45:00, A  ,10541,A,X,X,1.0,1.0,10.0,Unassociated
906,,,,2004-01-26 16:00:00, B  ,10544,B,X,X,5.0,3.0,10.0,Unassociated
907,,,,2004-01-30 15:04:00, B  ,10545,D,S,O,6.0,6.0,30.0,Unassociated
908,,,,2004-02-01 01:20:00, B  ,10548,B,X,O,3.0,3.0,10.0,Unassociated
909,,,,2004-02-03 02:30:00, A  ,10546,H,S,X,1.0,7.0,20.0,Unassociated
910,,,,2004-02-04 00:40:00, B  ,10550,C,A,O,2.0,2.0,20.0,Unassociated
911,,,,2004-02-06 00:38:00, A  ,10552,A,X,X,1.0,1.0,10.0,Unassociated
912,,,,2004-02-16 00:30:00, A  ,10558,A,X,X,1.0,1.0,10.0,Unassociated
913,,,,2004-02-16 14:44:00, B  ,10560,C,S,O,2.0,3.0,10.0,Unassociated
914,,,,2004-02-16 14:44:00, A  ,10559,H,S,X,1.0,1.0,40.0,Unassociated
915,,,,2004-02-18 14:52:00, A  ,10555,A,X,X,2.0,1.0,10.0,Unassociated
916,,,,2004-02-22 00:20:00, A  ,10561,A,X,X,1.0,1.0,10.0,Unassociated
917,,,,2004-02-25 00:35:00, A  ,10566,A,X,X,1.0,1.0,10.0,Unassociated
918,,,,2004-02-28 00:30:00, B  ,10563,C,S,O,2.0,2.0,20.0,Unassociated
919,,,,2004-02-28 00:30:00, A  ,10562,A,X,X,1.0,1.0,10.0,Unassociated
920,,,,2004-02-29 00:25:00, B  ,10568,B,X,O,3.0,3.0,10.0,Unassociated
921,,,,2004-03-03 07:12:00, A  ,10565,H,S,X,1.0,1.0,30.0,Unassociated
922,,,,2004-03-11 01:46:00, B  ,10571,B,X,O,3.0,3.0,10.0,Unassociated
923,,,,2004-03-12 01:11:00, A  ,10569,A,X,X,1.0,1.0,10.0,Unassociated
924,,,,2004-03-18 14:30:00, B  ,10575,C,A,O,4.0,4.0,20.0,Unassociated
925,,,,2004-03-25 00:55:00, A  ,10579,A,X,X,1.0,1.0,10.0,Unassociated
926,,,,2004-03-25 06:01:00, A  ,10580,H,S,X,1.0,1.0,10.0,Unassociated
927,,,,2004-03-27 07:50:00, B  ,10573,B,X,O,2.0,5.0,10.0,Unassociated
928,,,,2004-03-29 15:00:00, B  ,10584,B,X,O,3.0,2.0,10.0,Unassociated
929,,,,2004-04-07 00:30:00, A  ,10589,A,X,X,1.0,1.0,10.0,Unassociated
930,,,,2004-04-08 00:23:00, A  ,10587,A,X,X,2.0,1.0,20.0,Unassociated
931,,,,2004-04-19 03:50:00, A  ,10592,A,X,X,1.0,2.0,10.0,Unassociated
932,,,,2004-04-20 05:02:00, A  ,10594,H,S,X,1.0,1.0,20.0,Unassociated
933,,,,2004-04-22 14:24:00, B  ,10598,B,X,O,4.0,5.0,10.0,Unassociated
934,,,,2004-04-22 14:24:00, B  ,10593,C,S,O,3.0,7.0,20.0,Unassociated
935,,,,2004-04-24 02:21:00, B  ,10595,B,X,O,4.0,6.0,10.0,Unassociated
936,,,,2004-05-01 07:12:00, B  ,10602,B,X,O,6.0,7.0,20.0,Unassociated
937,,,,2004-05-04 01:42:00, B  ,10603,B,X,O,2.0,6.0,10.0,Unassociated
938,,,,2004-05-09 00:58:00, B  ,10604,B,X,O,3.0,2.0,10.0,Unassociated
939,,,,2004-05-16 14:53:00, A  ,10608,A,X,X,2.0,2.0,10.0,Unassociated
940,,,,2004-05-17 01:00:00, A  ,10616,A,X,X,1.0,1.0,10.0,Unassociated
941,,,,2004-05-20 00:30:00, B  ,10606,C,A,O,2.0,3.0,60.0,Unassociated
942,,,,2004-05-20 07:40:00, A  ,10610,H,S,X,1.0,2.0,60.0,Unassociated
943,,,,2004-05-26 05:10:00, A  ,10613,H,S,X,1.0,3.0,90.0,Unassociated
944,,,,2004-05-30 01:00:00, B  ,10620,B,X,O,3.0,2.0,10.0,Unassociated
945,,,,2004-06-02 00:30:00, B  ,10623,D,A,O,2.0,4.0,20.0,Unassociated
946,,,,2004-06-04 14:14:00, A  ,10625,A,X,X,2.0,1.0,10.0,Unassociated
947,,,,2004-06-07 00:55:00, A  ,10626,A,X,X,5.0,6.0,10.0,Unassociated
948,,,,2004-06-08 13:45:00, A  ,10630,H,S,X,1.0,1.0,20.0,Unassociated
949,,,,2004-06-09 00:30:00, B  ,10628,B,X,O,2.0,3.0,10.0,Unassociated
950,,,,2004-06-09 00:30:00, A  ,10624,A,X,X,1.0,1.0,10.0,Unassociated
951,,,,2004-06-09 14:08:00, B  ,10627,B,X,O,7.0,5.0,20.0,Unassociated
952,,,,2004-06-11 00:35:00, B  ,10622,B,X,O,4.0,4.0,20.0,Unassociated
953,,,,2004-06-11 14:28:00, B  ,10629,B,X,O,2.0,4.0,10.0,Unassociated
954,,,,2004-06-18 00:30:00, A  ,10631,A,X,X,1.0,1.0,10.0,Unassociated
955,,,,2004-06-22 01:20:00, A  ,10632,H,A,X,1.0,2.0,30.0,Unassociated
956,,,,2004-06-24 01:39:00, A  ,10633,A,X,X,2.0,2.0,10.0,Unassociated
957,,,,2004-06-25 00:37:00, B  ,10636,B,X,O,3.0,3.0,10.0,Unassociated
958,,,,2004-06-29 00:41:00, BG ,10637,B,X,O,8.0,10.0,30.0,Unassociated
959,,,,2004-07-06 14:10:00, A  ,10641,A,X,X,1.0,1.0,10.0,Unassociated
960,,,,2004-07-08 03:19:00, B  ,10639,B,X,X,3.0,2.0,10.0,Unassociated
961,,,,2004-07-11 03:55:00, B  ,10643,B,X,O,2.0,2.0,10.0,Unassociated
962,,,,2004-07-12 14:16:00, B  ,10645,B,X,O,2.0,2.0,10.0,Unassociated
963,,,,2004-07-15 14:06:00, B  ,10648,B,X,O,2.0,2.0,10.0,Unassociated
964,,,,2004-07-18 01:35:00, B  ,10650,B,X,O,2.0,4.0,10.0,Unassociated
965,,,,2004-07-18 05:35:00, B  ,10642,C,S,O,2.0,6.0,60.0,Unassociated
966,,,,2004-07-22 05:53:00, A  ,10644,H,S,X,1.0,2.0,60.0,Unassociated
967,,,,2004-08-04 14:15:00, B  ,10654,B,X,O,2.0,2.0,10.0,Unassociated
968,,,,2004-08-08 00:42:00, A  ,10658,A,X,X,1.0,1.0,10.0,Unassociated
969,,,,2004-08-13 15:15:00, B  ,10659,B,X,O,6.0,6.0,10.0,Unassociated
970,,,,2004-08-15 05:50:00, A  ,10657,H,S,X,1.0,2.0,20.0,Unassociated
971,,,,2004-08-17 00:45:00, A  ,10660,A,X,X,1.0,1.0,10.0,Unassociated
972,,,,2004-08-23 00:15:00, B  ,10665,B,X,O,2.0,1.0,10.0,Unassociated
973,,,,2004-08-23 14:15:00, B  ,10662,B,X,O,3.0,3.0,10.0,Unassociated
974,,,,2004-08-29 07:45:00, A  ,10664,H,S,X,1.0,3.0,60.0,Unassociated
975,,,,2004-09-02 14:24:00, A  ,10666,A,X,X,2.0,1.0,10.0,Unassociated
976,,,,2004-09-07 02:10:00, A  ,10668,A,X,X,1.0,2.0,30.0,Unassociated
977,,,,2004-09-08 00:30:00, A  ,10670,A,X,X,5.0,2.0,10.0,Unassociated
978,,,,2004-09-11 06:30:00, A  ,10671,H,S,X,1.0,5.0,90.0,Unassociated
979,,,,2004-10-02 00:24:00, A  ,10677,A,X,X,2.0,1.0,10.0,Unassociated
980,,,,2004-10-07 14:35:00, A  ,10675,H,A,X,1.0,2.0,90.0,Unassociated
981,,,,2004-10-08 15:05:00, B  ,10678,D,A,O,4.0,4.0,90.0,Unassociated
982,,,,2004-10-09 02:08:00, A  ,10676,A,X,X,1.0,1.0,20.0,Unassociated
983,,,,2004-10-16 17:00:00, A  ,10681,A,X,X,2.0,1.0,10.0,Unassociated
984,,,,2004-10-20 01:43:00, A  ,10686,H,S,X,1.0,2.0,20.0,Unassociated
985,,,,2004-10-22 09:10:00, B  ,10683,C,R,O,4.0,2.0,20.0,Unassociated
986,,,,2004-10-23 09:33:00, A  ,10688,H,S,X,1.0,2.0,30.0,Unassociated
987,,,,2004-10-29 01:42:00, A  ,10684,H,A,X,1.0,1.0,60.0,Unassociated
988,,,,2004-10-30 18:35:00, A  ,10692,A,X,X,2.0,2.0,10.0,Unassociated
989,,,,2004-10-31 18:15:00, A  ,10694,A,X,X,4.0,2.0,10.0,Unassociated
990,,,,2004-11-03 00:11:00, A  ,10690,H,X,X,1.0,1.0,30.0,Unassociated
991,,,,2004-11-07 00:05:00, A  ,10697,A,X,X,1.0,1.0,10.0,Unassociated
992,,,,2004-11-07 08:10:00, A  ,10695,H,R,X,1.0,1.0,10.0,Unassociated
993,,,,2004-11-20 15:45:00, B  ,10702,B,X,O,4.0,3.0,10.0,Unassociated
994,,,,2004-11-23 02:40:00, A  ,10701,H,S,X,1.0,2.0,30.0,Unassociated
995,,,,2004-11-24 00:44:00, A  ,10703,A,X,X,4.0,6.0,10.0,Unassociated
996,,,,2004-11-25 00:15:00, B  ,10705,C,A,O,3.0,7.0,60.0,Unassociated
997,,,,2004-11-29 17:47:00, A  ,10704,A,X,X,2.0,1.0,160.0,Unassociated
998,,,,2004-12-15 00:42:00, BG ,10711,D,A,O,4.0,6.0,150.0,Unassociated
999,,,,2004-12-19 15:08:00, B  ,10712,B,X,O,2.0,4.0,10.0,Unassociated
1000,,,,2004-12-24 17:20:00, B  ,10714,C,R,O,2.0,5.0,10.0,Unassociated
1001,,,,2005-01-07 00:30:00, A  ,10716,A,X,X,1.0,1.0,10.0,Unassociated
1002,,,,2005-01-16 02:10:00, A  ,10722,A,X,X,1.0,1.0,10.0,Unassociated
1003,,,,2005-01-18 15:17:00, B  ,10721,C,S,O,3.0,4.0,10.0,Unassociated
1004,,,,2005-01-25 01:19:00, A  ,10726,A,X,X,1.0,2.0,80.0,Unassociated
1005,,,,2005-01-25 01:19:00, A  ,10725,H,A,X,1.0,2.0,180.0,Unassociated
1006,,,,2005-01-31 01:30:00, A  ,10728,A,X,X,1.0,1.0,10.0,Unassociated
1007,,,,2005-02-03 01:00:00, A  ,10727,A,X,X,1.0,2.0,30.0,Unassociated
1008,,,,2005-02-10 00:10:00, A  ,10731,A,X,X,1.0,1.0,10.0,Unassociated
1009,,,,2005-02-14 00:12:00, A  ,10730,A,X,X,1.0,1.0,10.0,Unassociated
1010,,,,2005-02-27 01:21:00, A  ,10737,A,X,X,2.0,1.0,20.0,Unassociated
1011,,,,2005-03-03 04:15:00, B  ,10740,B,X,O,3.0,3.0,20.0,Unassociated
1012,,,,2005-03-09 00:09:00, B  ,10739,B,X,O,2.0,2.0,90.0,Unassociated
1013,,,,2005-03-25 01:29:00, A  ,10744,A,X,X,2.0,1.0,20.0,Unassociated
1014,,,,2005-03-27 15:30:00, B  ,10746,D,S,O,8.0,4.0,30.0,Unassociated
1015,,,,2005-04-06 00:37:00, A  ,10748,A,X,X,2.0,2.0,10.0,Unassociated
1016,,,,2005-04-10 09:00:00, A  ,10749,A,X,X,1.0,1.0,10.0,Unassociated
1017,,,,2005-04-16 01:30:00, A  ,10753,A,X,X,1.0,1.0,10.0,Unassociated
1018,,,,2005-04-17 06:26:00, A  ,10750,H,R,X,1.0,1.0,30.0,Unassociated
1019,,,,2005-04-27 14:00:00, B  ,10754,B,X,O,2.0,3.0,10.0,Unassociated
1020,,,,2005-05-04 14:20:00, A  ,10757,H,S,X,1.0,1.0,20.0,Unassociated
1021,,,,2005-05-10 07:46:00, A  ,10761,A,X,X,2.0,1.0,20.0,Unassociated
1022,,,,2005-05-12 14:55:00, B  ,10764,C,S,O,4.0,3.0,60.0,Unassociated
1023,,,,2005-05-22 14:00:00, A  ,10765,A,X,X,1.0,1.0,10.0,Unassociated
1024,,,,2005-05-28 01:15:00, B  ,10768,B,X,O,2.0,5.0,20.0,Unassociated
1025,,,,2005-05-28 21:54:00, B  ,10766,C,S,O,3.0,5.0,30.0,Unassociated
1026,,,,2005-06-02 01:45:00, A  ,10771,A,X,X,1.0,1.0,10.0,Unassociated
1027,,,,2005-06-03 01:06:00, B  ,10769,B,X,O,4.0,4.0,20.0,Unassociated
1028,,,,2005-06-08 14:30:00, A  ,10774,A,X,X,1.0,1.0,20.0,Unassociated
1029,,,,2005-06-11 01:59:00, A  ,10777,A,X,X,1.0,1.0,20.0,Unassociated
1030,,,,2005-06-13 03:48:00, B  ,10773,B,X,O,3.0,2.0,30.0,Unassociated
1031,,,,2005-06-16 01:56:00, A  ,10778,A,X,X,1.0,1.0,10.0,Unassociated
1032,,,,2005-07-07 01:40:00, B  ,10781,B,X,O,3.0,2.0,10.0,Unassociated
1033,,,,2005-07-07 08:20:00, A  ,10784,H,S,X,1.0,1.0,10.0,Unassociated
1034,,,,2005-08-03 15:00:00, B  ,10793,C,S,O,4.0,4.0,20.0,Unassociated
1035,,,,2005-08-09 14:17:00, B  ,10796,D,S,O,5.0,8.0,70.0,Unassociated
1036,,,,2005-08-13 01:09:00, A  ,10795,A,X,X,1.0,1.0,30.0,Unassociated
1037,,,,2005-08-20 00:50:00, B  ,10799,C,A,O,2.0,5.0,30.0,Unassociated
1038,,,,2005-08-22 04:56:00, A  ,10797,H,A,X,1.0,3.0,60.0,Unassociated
1039,,,,2005-08-25 01:23:00, A  ,10802,H,S,X,1.0,1.0,10.0,Unassociated
1040,,,,2005-08-30 01:44:00, A  ,10801,A,X,X,1.0,1.0,20.0,Unassociated
1041,,,,2005-09-02 13:38:00, B  ,10804,B,X,O,2.0,5.0,20.0,Unassociated
1042,,,,2005-09-06 19:00:00, B  ,10805,D,A,O,2.0,2.0,40.0,Unassociated
1043,,,,2005-09-13 14:10:00, A  ,10809,H,S,X,1.0,2.0,20.0,Unassociated
1044,,,,2005-10-04 19:20:00, A  ,10812,A,X,X,1.0,1.0,10.0,Unassociated
1045,,,,2005-10-29 01:05:00, A  ,10815,A,X,X,1.0,1.0,10.0,Unassociated
1046,,,,2005-11-04 00:30:00, B  ,10818,B,X,O,3.0,4.0,20.0,Unassociated
1047,,,,2005-11-08 00:17:00, B  ,10819,B,X,O,2.0,4.0,30.0,Unassociated
1048,,,,2005-11-21 00:20:00, B  ,10823,C,S,O,2.0,5.0,30.0,Unassociated
1049,,,,2005-11-27 02:21:00, A  ,10825,A,X,X,2.0,2.0,10.0,Unassociated
1050,,,,2005-12-01 17:10:00, B  ,10827,D,R,O,6.0,4.0,50.0,Unassociated
1051,,,,2005-12-04 15:49:00, B  ,10829,C,S,O,2.0,5.0,10.0,Unassociated
1052,,,,2005-12-06 18:34:00, A  ,10831,B,X,X,2.0,2.0,30.0,Unassociated
1053,,,,2005-12-06 18:34:00, B  ,10828,C,S,O,3.0,3.0,20.0,Unassociated
1054,,,,2005-12-09 17:07:00, B  ,10832,D,S,O,4.0,7.0,90.0,Unassociated
1055,,,,2005-12-11 00:32:00, B  ,10833,C,A,O,3.0,6.0,50.0,Unassociated
1056,,,,2005-12-21 15:26:00, A  ,10834,H,S,X,1.0,1.0,30.0,Unassociated
1057,,,,2005-12-25 01:23:00, A  ,10837,A,X,X,1.0,1.0,30.0,Unassociated
1058,,,,2005-12-27 01:03:00, A  ,10839,A,X,X,1.0,1.0,30.0,Unassociated
1059,,,,2005-12-31 05:12:00, B  ,10844,D,A,O,2.0,9.0,60.0,Unassociated
1060,,,,2006-01-03 01:58:00, A  ,10840,A,X,X,1.0,1.0,20.0,Unassociated
1061,,,,2006-01-05 08:31:00, A  ,10841,H,S,X,1.0,4.0,40.0,Unassociated
1062,,,,2006-01-12 07:20:00, A  ,10845,H,S,X,1.0,1.0,20.0,Unassociated
1063,,,,2006-01-19 03:50:00, A  ,10846,A,X,X,1.0,1.0,20.0,Unassociated
1064,,,,2006-01-20 03:32:00, A  ,10847,A,X,X,1.0,1.0,10.0,Unassociated
1065,,,,2006-01-25 02:20:00, A  ,10850,A,X,X,1.0,1.0,10.0,Unassociated
1066,,,,2006-01-29 05:03:00, A  ,10849,A,X,X,1.0,1.0,10.0,Unassociated
1067,,,,2006-02-11 16:14:00, A  ,10853,H,S,X,1.0,1.0,30.0,Unassociated
1068,,,,2006-02-13 19:31:00, A  ,10852,A,X,X,1.0,1.0,20.0,Unassociated
1069,,,,2006-02-17 01:26:00, A  ,10855,A,X,X,2.0,2.0,10.0,Unassociated
1070,,,,2006-02-19 00:41:00, A  ,10854,A,X,X,1.0,1.0,10.0,Unassociated
1071,,,,2006-03-08 01:17:00, A  ,10856,A,X,X,1.0,1.0,10.0,Unassociated
1072,,,,2006-03-14 15:24:00, A  ,10857,A,X,X,1.0,1.0,10.0,Unassociated
1073,,,,2006-03-16 05:23:00, B  ,10858,B,X,O,2.0,2.0,10.0,Unassociated
1074,,,,2006-03-19 02:17:00, A  ,10860,A,X,X,2.0,2.0,20.0,Unassociated
1075,,,,2006-03-24 15:09:00, B  ,10861,B,X,O,5.0,5.0,30.0,Unassociated
1076,,,,2006-03-24 15:09:00, B  ,10863,B,X,O,3.0,3.0,30.0,Unassociated
1077,,,,2006-04-06 14:38:00, B  ,10868,D,S,O,6.0,5.0,40.0,Unassociated
1078,,,,2006-04-10 02:12:00, A  ,10866,A,X,X,1.0,1.0,30.0,Unassociated
1079,,,,2006-04-14 14:45:00, A  ,10869,H,S,X,1.0,1.0,40.0,Unassociated
1080,,,,2006-04-18 16:08:00, A  ,10873,H,S,X,1.0,1.0,10.0,Unassociated
1081,,,,2006-04-19 01:29:00, B  ,10872,B,X,O,3.0,1.0,20.0,Unassociated
1082,,,,2006-04-28 01:40:00, A  ,10877,A,X,X,2.0,1.0,10.0,Unassociated
1083,,,,2006-04-30 14:31:00, A  ,10874,A,X,X,1.0,1.0,20.0,Unassociated
1084,,,,2006-05-06 01:18:00, A  ,10879,A,X,X,1.0,1.0,10.0,Unassociated
1085,,,,2006-05-07 01:37:00, A  ,10878,A,X,X,1.0,1.0,10.0,Unassociated
1086,,,,2006-05-11 14:24:00, B  ,10882,D,A,O,3.0,12.0,90.0,Unassociated
1087,,,,2006-05-13 00:38:00, B  ,10883,B,X,O,2.0,2.0,10.0,Unassociated
1088,,,,2006-05-14 17:51:00, A  ,10880,A,X,X,1.0,2.0,30.0,Unassociated
1089,,,,2006-05-25 15:56:00, B  ,10884,D,S,O,2.0,2.0,70.0,Unassociated
1090,,,,2006-05-27 14:30:00, B  ,10885,C,R,O,3.0,2.0,20.0,Unassociated
1091,,,,2006-05-28 07:05:00, B  ,10888,C,A,O,2.0,6.0,60.0,Unassociated
1092,,,,2006-05-29 15:04:00, A  ,10889,H,S,X,2.0,2.0,20.0,Unassociated
1093,,,,2006-05-31 15:17:00, A  ,10890,A,X,X,1.0,1.0,20.0,Unassociated
1094,,,,2006-05-31 15:17:00, A  ,10887,A,X,X,1.0,1.0,10.0,Unassociated
1095,,,,2006-06-01 15:50:00, A  ,10886,A,X,X,1.0,1.0,30.0,Unassociated
1096,,,,2006-06-13 00:50:00, A  ,10891,A,X,X,1.0,1.0,20.0,Unassociated
1097,,,,2006-06-14 00:50:00, A  ,10893,A,X,X,2.0,1.0,10.0,Unassociated
1098,,,,2006-06-17 01:27:00, B  ,10894,B,X,O,4.0,2.0,20.0,Unassociated
1099,,,,2006-06-21 09:10:00, B  ,10896,D,R,O,5.0,4.0,40.0,Unassociated
1100,,,,2006-07-04 15:50:00, B  ,10897,B,X,O,2.0,3.0,10.0,Unassociated
1101,,,,2006-07-13 05:15:00, A  ,10899,A,X,X,1.0,1.0,10.0,Unassociated
1102,,,,2006-07-31 03:06:00, B  ,10900,B,X,O,2.0,3.0,20.0,Unassociated
1103,,,,2006-08-03 01:14:00, B  ,10901,B,X,O,2.0,6.0,30.0,Unassociated
1104,,,,2006-08-03 05:48:00, B  ,10902,C,R,O,2.0,7.0,30.0,Unassociated
1105,,,,2006-09-13 01:19:00, A  ,10907,A,X,X,1.0,1.0,20.0,Unassociated
1106,,,,2006-09-27 19:58:00, A  ,10911,A,X,X,1.0,1.0,10.0,Unassociated
1107,,,,2006-09-29 16:08:00, A  ,10912,A,X,X,1.0,1.0,20.0,Unassociated
1108,,,,2006-10-02 07:13:00, B  ,10915,D,R,O,3.0,10.0,70.0,Unassociated
1109,,,,2006-10-08 07:05:00, A  ,10914,H,R,X,1.0,1.0,10.0,Unassociated
1110,,,,2006-10-09 02:45:00, A  ,10913,A,X,X,1.0,1.0,30.0,Unassociated
1111,,,,2006-10-10 16:20:00, A  ,10916,A,X,X,1.0,1.0,10.0,Unassociated
1112,,,,2006-10-24 08:52:00, A  ,10918,H,R,X,2.0,3.0,30.0,Unassociated
1113,,,,2006-10-28 10:12:00, B  ,10917,E,S,O,5.0,12.0,150.0,Unassociated
1114,,,,2006-11-02 01:12:00, B  ,10919,B,X,O,3.0,2.0,20.0,Unassociated
1115,,,,2006-11-24 00:40:00, A  ,10925,A,X,X,1.0,1.0,10.0,Unassociated
1116,,,,2006-12-03 01:45:00, A  ,10928,A,X,X,2.0,2.0,20.0,Unassociated
1117,,,,2006-12-05 15:50:00, B  ,10929,B,X,O,2.0,5.0,10.0,Unassociated
1118,,,,2006-12-26 01:05:00, A  ,10931,A,X,X,1.0,1.0,10.0,Unassociated
1119,,,,2006-12-27 18:34:00, B  ,10932,B,X,O,3.0,6.0,10.0,Unassociated
1120,,,,2007-01-07 16:08:00, A  ,10934,A,X,X,1.0,1.0,10.0,Unassociated
1121,,,,2007-01-11 00:18:00, A  ,10936,A,X,X,1.0,1.0,10.0,Unassociated
1122,,,,2007-01-13 01:00:00, A  ,10937,A,X,X,1.0,1.0,20.0,Unassociated
1123,,,,2007-01-14 04:00:00, A  ,10935,H,A,X,1.0,2.0,180.0,Unassociated
1124,,,,2007-02-10 00:20:00, A  ,10941,A,X,X,1.0,1.0,10.0,Unassociated
1125,,,,2007-02-23 03:51:00, A  ,10942,A,X,X,1.0,1.0,10.0,Unassociated
1126,,,,2007-03-06 01:41:00, A  ,10944,A,X,X,1.0,1.0,20.0,Unassociated
1127,,,,2007-03-07 01:30:00, A  ,10945,A,X,X,1.0,1.0,10.0,Unassociated
1128,,,,2007-03-13 01:55:00, B  ,10946,B,X,O,2.0,6.0,30.0,Unassociated
1129,,,,2007-03-25 02:11:00, A  ,10947,A,X,X,1.0,1.0,10.0,Unassociated
1130,,,,2007-03-28 17:46:00, A  ,10948,A,X,X,1.0,1.0,20.0,Unassociated
1131,,,,2007-04-03 15:30:00, A  ,10949,H,S,X,1.0,1.0,10.0,Unassociated
1132,,,,2007-04-17 22:11:00, A  ,10952,A,X,X,1.0,1.0,30.0,Unassociated
1133,,,,2007-04-20 07:20:00, B  ,10951,B,X,O,2.0,2.0,10.0,Unassociated
1134,,,,2007-05-03 15:45:00, A  ,10954,B,X,O,3.0,3.0,20.0,Unassociated
1135,,,,2007-05-16 00:59:00, A  ,10955,A,X,X,1.0,1.0,10.0,Unassociated
1136,,,,2007-05-19 15:26:00, B  ,10957,B,X,O,3.0,4.0,20.0,Unassociated
1137,,,,2007-06-08 05:22:00, A  ,10958,A,X,X,1.0,1.0,20.0,Unassociated
1138,,,,2007-06-08 14:38:00, B  ,10959,D,A,O,4.0,6.0,40.0,Unassociated
1139,,,,2007-07-07 19:16:00, A  ,10961,H,A,X,1.0,4.0,60.0,Unassociated
1140,,,,2007-07-16 05:12:00, A  ,10964,H,R,X,2.0,1.0,20.0,Unassociated
1141,,,,2007-07-31 01:33:00, A  ,10965,A,X,X,1.0,1.0,10.0,Unassociated
1142,,,,2007-08-15 01:30:00, A  ,10968,A,X,X,1.0,1.0,30.0,Unassociated
1143,,,,2007-09-06 00:58:00, B  ,10970,B,X,X,2.0,5.0,10.0,Unassociated
1144,,,,2007-10-01 17:07:00, B  ,10971,B,X,O,2.0,3.0,20.0,Unassociated
1145,,,,2007-10-07 17:40:00, B  ,10972,B,X,O,2.0,7.0,20.0,Unassociated
1146,,,,2007-11-13 18:11:00, A  ,10973,A,X,X,1.0,1.0,10.0,Unassociated
1147,,,,2007-11-17 01:03:00, BG ,10974,D,A,O,3.0,3.0,40.0,Unassociated
1148,,,,2007-11-26 12:53:00, A  ,10975,A,X,X,1.0,1.0,10.0,Unassociated
1149,,,,2007-12-02 01:27:00, B  ,10976,B,X,O,2.0,2.0,10.0,Unassociated
1150,,,,2007-12-06 17:44:00, B  ,10977,B,X,O,3.0,2.0,10.0,Unassociated
1151,,,,2007-12-10 02:20:00, A  ,10979,H,A,X,1.0,1.0,60.0,Unassociated
1152,,,,2008-01-06 00:56:00, A  ,10981,A,X,X,2.0,2.0,20.0,Unassociated
1153,,,,2008-02-04 10:20:00, A  ,10982,A,X,X,2.0,2.0,10.0,Unassociated
1154,,,,2008-02-28 09:15:00, B  ,10983,B,X,O,2.0,6.0,30.0,Unassociated
1155,,,,2008-03-10 08:57:00, B  ,10984,B,X,O,2.0,4.0,150.0,Unassociated
1156,,,,2008-03-17 00:45:00, A  ,10986,A,X,X,1.0,1.0,10.0,Unassociated
1157,,,,2008-04-02 03:42:00, A  ,10987,A,X,X,2.0,1.0,60.0,Unassociated
1158,,,,2008-04-03 16:24:00, B  ,10988,B,X,O,5.0,3.0,60.0,Unassociated
1159,,,,2008-04-15 03:03:00, B  ,10990,B,X,O,2.0,3.0,10.0,Unassociated
1160,,,,2008-04-20 01:00:00, A  ,10991,A,X,X,2.0,1.0,20.0,Unassociated
1161,,,,2008-04-24 17:00:00, A  ,10992,A,X,X,1.0,1.0,10.0,Unassociated
1162,,,,2008-05-05 07:00:00, B  ,10993,B,X,O,5.0,5.0,30.0,Unassociated
1163,,,,2008-05-17 07:48:00, A  ,10995,A,X,X,1.0,1.0,10.0,Unassociated
1164,,,,2008-05-20 14:17:00, A  ,10994,A,X,X,1.0,1.0,10.0,Unassociated
1165,,,,2008-05-26 08:43:00, A  ,10996,A,X,X,2.0,1.0,10.0,Unassociated
1166,,,,2008-06-13 07:00:00, B  ,10998,C,S,O,2.0,2.0,10.0,Unassociated
1167,,,,2008-06-24 15:50:00, A  ,10999,A,X,X,1.0,1.0,10.0,Unassociated
1168,,,,2008-08-22 16:00:00, A  ,11000,A,X,X,1.0,1.0,10.0,Unassociated
1169,,,,2008-09-11 07:30:00, B  ,11001,B,X,O,2.0,3.0,20.0,Unassociated
1170,,,,2008-09-30 08:51:00, A  ,11002,A,X,X,1.0,1.0,10.0,Unassociated
1171,,,,2008-10-04 17:17:00, A  ,11003,A,X,X,1.0,1.0,10.0,Unassociated
1172,,,,2008-10-10 07:15:00, A  ,11004,A,X,X,2.0,1.0,10.0,Unassociated
1173,,,,2008-10-16 10:00:00, B  ,11005,B,X,O,3.0,4.0,20.0,Unassociated
1174,,,,2008-10-17 11:00:00, A  ,11006,A,X,X,1.0,1.0,30.0,Unassociated
1175,,,,2008-11-19 22:41:00, A  ,11008,A,X,X,1.0,1.0,10.0,Unassociated
1176,,,,2009-01-13 04:46:00, A  ,11010,A,X,X,1.0,1.0,10.0,Unassociated
1177,,,,2009-01-27 20:10:00, A  ,11011,A,X,X,1.0,1.0,10.0,Unassociated
1178,,,,2009-02-13 19:38:00, A  ,11012,A,X,X,1.0,1.0,10.0,Unassociated
1179,,,,2009-02-26 10:38:00, B  ,11013,B,X,O,2.0,2.0,10.0,Unassociated
1180,,,,2009-03-26 04:04:00, B  ,11014,B,X,O,2.0,3.0,10.0,Unassociated
1181,,,,2009-04-22 08:15:00, A  ,11015,A,X,X,1.0,1.0,30.0,Unassociated
1182,,,,2009-04-30 15:16:00, A  ,11016,A,X,X,2.0,2.0,10.0,Unassociated
1183,,,,2009-05-19 02:08:00, B  ,11017,B,X,O,3.0,3.0,30.0,Unassociated
1184,,,,2009-05-31 06:00:00, B  ,11018,B,X,O,2.0,4.0,20.0,Unassociated
1185,,,,2009-06-05 09:30:00, B  ,11019,B,X,O,3.0,3.0,30.0,Unassociated
1186,,,,2009-06-12 11:10:00, A  ,11020,H,R,X,2.0,2.0,30.0,Unassociated
1187,,,,2009-06-25 02:34:00, B  ,11023,B,X,O,1.0,1.0,10.0,Unassociated
1188,,,,2009-09-18 16:17:00, B  ,11025,B,X,O,2.0,3.0,20.0,Unassociated
1189,,,,2009-10-17 03:00:00, A  ,11027,A,X,X,1.0,1.0,20.0,Unassociated
1190,,,,2009-10-23 15:08:00, A  ,11028,A,X,X,1.0,1.0,10.0,Unassociated
1191,,,,2009-11-14 05:40:00, A  ,11030,A,X,X,1.0,1.0,20.0,Unassociated
1192,,,,2009-11-16 17:21:00, B  ,11031,B,X,O,2.0,4.0,10.0,Unassociated
1193,,,,2009-11-20 01:14:00, B  ,11032,B,X,O,2.0,2.0,10.0,Unassociated
1194,,,,2009-11-22 01:10:00, B  ,11033,B,X,O,3.0,6.0,30.0,Unassociated
1195,,,,2009-12-15 16:20:00, A  ,11034,A,X,X,2.0,1.0,10.0,Unassociated
1196,,,,2009-12-23 03:08:00, A  ,11037,A,X,X,1.0,1.0,10.0,Unassociated
1197,,,,2009-12-24 03:08:00, A  ,11038,A,X,X,1.0,1.0,30.0,Unassociated
1198,,,,2010-01-26 09:45:00, A  ,11042,H,S,X,1.0,5.0,60.0,Unassociated
1199,,,,2010-02-07 07:50:00, A  ,11043,A,X,X,1.0,1.0,10.0,Unassociated
1200,,,,2010-02-09 17:36:00, A  ,11047,A,X,X,1.0,0.0,10.0,Unassociated
1201,,,,2010-03-05 06:31:00, A  ,11051,A,X,X,1.0,0.0,10.0,Unassociated
1202,,,,2010-03-05 15:57:00, A  ,11053,A,X,X,1.0,1.0,10.0,Unassociated
1203,,,,2010-03-12 06:50:00, B  ,11055,C,S,O,3.0,3.0,40.0,Unassociated
1204,,,,2010-03-25 01:55:00, BG ,11056,D,H,O,6.0,7.0,410.0,Unassociated
1205,,,,2010-03-26 02:30:00, A  ,11058,A,X,X,1.0,1.0,10.0,Unassociated
1206,,,,2010-04-06 15:43:00, A  ,11059,A,X,X,1.0,1.0,10.0,Unassociated
1207,,,,2010-04-08 08:43:00, A  ,11060,A,X,X,1.0,1.0,0.0,Unassociated
1208,,,,2010-04-10 14:50:00, A  ,11061,A,X,X,1.0,1.0,40.0,Unassociated
1209,,,,2010-04-14 01:50:00, B  ,11062,B,X,O,2.0,2.0,10.0,Unassociated
1210,,,,2010-05-02 06:05:00, A  ,11064,A,X,X,1.0,1.0,0.0,Unassociated
1211,,,,2010-05-03 03:54:00, B  ,11065,B,X,O,3.0,2.0,20.0,Unassociated
1212,,,,2010-05-05 04:06:00, A  ,11066,A,X,X,1.0,1.0,10.0,Unassociated
1213,,,,2010-05-05 18:05:00, B  ,11063,B,X,O,2.0,1.0,30.0,Unassociated
1214,,,,2010-05-06 08:45:00, BG ,11070,E,S,C,9.0,13.0,120.0,Unassociated
1215,,,,2010-05-07 07:58:00, A  ,11068,A,X,X,1.0,0.0,0.0,Unassociated
1216,,,,2010-05-28 16:10:00, B  ,11072,C,R,O,2.0,2.0,40.0,Unassociated
1217,,,,2010-06-04 14:00:00, A  ,11073,A,X,X,1.0,1.0,10.0,Unassociated
1218,,,,2010-06-07 07:18:00, A  ,11076,A,X,X,1.0,0.0,0.0,Unassociated
1219,,,,2010-06-12 07:10:00, A  ,11078,A,X,X,1.0,0.0,0.0,Unassociated
1220,,,,2010-06-25 06:53:00, A  ,11082,A,X,X,2.0,1.0,0.0,Unassociated
1221,,,,2010-07-07 15:06:00, A  ,11086,A,X,X,1.0,1.0,0.0,Unassociated
1222,,,,2010-07-08 14:19:00, A  ,11084,H,S,X,1.0,1.0,60.0,Unassociated
1223,,,,2010-07-26 10:36:00, A  ,11090,A,X,X,1.0,1.0,10.0,Unassociated
1224,,,,2010-08-07 06:10:00, B  ,11094,B,X,O,3.0,11.0,30.0,Unassociated
1225,,,,2010-08-11 14:47:00, A  ,11095,A,X,X,1.0,1.0,10.0,Unassociated
1226,,,,2010-08-12 07:45:00, A  ,11096,A,X,X,1.0,0.0,0.0,Unassociated
1227,,,,2010-08-12 14:14:00, A  ,11097,A,X,X,1.0,1.0,10.0,Unassociated
1228,,,,2010-08-18 14:55:00, A  ,11098,A,X,X,1.0,1.0,10.0,Unassociated
1229,,,,2010-08-26 14:51:00, A  ,11100,A,X,X,2.0,2.0,20.0,Unassociated
1230,,,,2010-09-03 16:29:00, A  ,11102,A,X,X,1.0,1.0,20.0,Unassociated
1231,,,,2010-09-05 07:15:00, A  ,11103,A,X,X,1.0,0.0,0.0,Unassociated
1232,,,,2010-09-05 15:48:00, A  ,11101,H,S,X,1.0,2.0,120.0,Unassociated
1233,,,,2010-09-21 15:02:00, A  ,11106,A,X,X,1.0,1.0,10.0,Unassociated
1234,,,,2010-10-08 06:45:00, A  ,11111,A,X,X,1.0,0.0,0.0,Unassociated
1235,,,,2010-10-15 05:20:00, B  ,11114,B,X,O,2.0,2.0,20.0,Unassociated
1236,,,,2010-10-18 18:46:00, A  ,11116,A,X,X,1.0,1.0,10.0,Unassociated
1237,,,,2010-10-20 08:43:00, A  ,11118,A,X,X,1.0,0.0,0.0,Unassociated
1238,,,,2010-10-26 03:45:00, A  ,11113,H,S,X,1.0,2.0,60.0,Unassociated
1239,,,,2010-10-27 11:23:00, A  ,11115,H,S,X,1.0,1.0,30.0,Unassociated
1240,,,,2010-11-06 01:57:00, A  ,11120,A,X,X,2.0,1.0,10.0,Unassociated
1241,,,,2010-11-07 04:00:00, B  ,11021,E,S,I,9.0,13.0,110.0,Unassociated
1242,,,,2010-11-07 04:00:00, A  ,11022,A,X,X,1.0,1.0,10.0,Unassociated
1243,,,,2010-11-10 15:55:00, B  ,11122,B,X,O,2.0,2.0,20.0,Unassociated
1244,,,,2010-11-16 01:47:00, B  ,11125,B,X,O,2.0,2.0,10.0,Unassociated
1245,,,,2010-11-22 00:22:00, B  ,11126,B,X,O,2.0,9.0,20.0,Unassociated
1246,,,,2010-11-26 16:11:00, B  ,11128,B,X,O,2.0,3.0,10.0,Unassociated
1247,,,,2010-11-27 17:15:00, A  ,11127,A,X,X,1.0,1.0,30.0,Unassociated
1248,,,,2010-11-29 02:14:00, A  ,11129,A,X,X,1.0,1.0,10.0,Unassociated
1249,,,,2010-12-11 00:39:00, A  ,11132,A,X,X,1.0,1.0,10.0,Unassociated
1250,,,,2010-12-14 11:58:00, A  ,11134,A,X,X,1.0,0.0,0.0,Unassociated
1251,,,,2010-12-14 18:47:00, A  ,11131,H,S,X,1.0,3.0,120.0,Unassociated
1252,,,,2010-12-26 01:55:00, B  ,11136,B,X,O,2.0,4.0,20.0,Unassociated
1253,,,,2010-12-30 00:20:00, A  ,11139,A,X,X,1.0,0.0,10.0,Unassociated
1254,,,,2010-12-31 06:00:00, B  ,11137,D,A,O,2.0,4.0,40.0,Unassociated
