,index,Wilson Magnetic Classification,NOAA_Number_spots,Zurich Class,penumbra Class,Compactness Class,Number of Spots,Longitudanal extent,Area,Date_x,X_Ray_Class,X_Ray_Intensity,Integrated_Flux,NOAA_Number_flare,Date_y,Status
0,140, B  ,8818,B,X,O,2.0,3.0,10.0,2000-01-06 07:58:00,,,,,,Unassociated
1,117, B  ,8817,B,X,O,3.0,3.0,20.0,2000-01-07 00:20:00,,,,,,Unassociated
2,105, B  ,8814,C,S,O,7.0,6.0,40.0,2000-01-08 15:49:00,,,,,,Unassociated
3,170, B  ,8822,C,S,O,2.0,7.0,10.0,2000-01-09 17:06:00,,,,,,Unassociated
4,158, B  ,8820,B,X,O,2.0,3.0,10.0,2000-01-13 00:25:00,,,,,,Unassociated
5,1157, B  ,8826,B,X,O,2.0,1.0,30.0,2000-01-16 00:05:00,,,,,,Unassociated
6,1593, B  ,8835,B,X,O,2.0,3.0,10.0,2000-01-16 00:05:00,,,,,,Unassociated
7,233, B  ,8834,C,R,O,2.0,3.0,30.0,2000-01-17 01:40:00,,,,,,Unassociated
8,1143, B  ,8825,C,R,O,6.0,3.0,30.0,2000-01-17 01:40:00,,,,,,Unassociated
9,1528, B  ,8832,B,X,O,2.0,3.0,20.0,2000-01-17 17:38:00,,,,,,Unassociated
10,1600, B  ,8836,B,X,O,7.0,4.0,10.0,2000-01-18 16:28:00,,,,,,Unassociated
11,1653, B  ,8838,C,S,O,6.0,4.0,20.0,2000-01-24 00:20:00,,,,,,Unassociated
12,1664, B  ,8843,B,X,O,5.0,4.0,10.0,2000-01-25 00:22:00,,,,,,Unassociated
13,1681, B  ,8839,C,S,O,13.0,7.0,60.0,2000-01-25 00:22:00,,,,,,Unassociated
14,1658, B  ,8840,B,X,O,2.0,5.0,10.0,2000-01-25 12:30:00,,,,,,Unassociated
15,1992, B  ,8846,B,X,O,2.0,10.0,10.0,2000-01-27 16:34:00,,,,,,Unassociated
16,1975, B  ,8844,D,S,O,3.0,7.0,42.0,2000-01-29 16:10:00,,,,,,Unassociated
17,2065, B  ,8847,B,X,O,2.0,3.0,30.0,2000-01-30 08:30:00,,,,,,Unassociated
18,2061, B  ,8849,B,X,O,2.0,4.0,10.0,2000-01-30 12:20:00,,,,,,Unassociated
19,2277, B  ,8850,B,X,O,2.0,3.0,10.0,2000-01-31 01:15:00,,,,,,Unassociated
20,3114, B  ,8860,B,X,O,3.0,3.0,10.0,2000-02-05 01:20:00,,,,,,Unassociated
21,2381, B  ,8859,D,A,O,2.0,8.0,60.0,2000-02-05 01:20:00,,,,,,Unassociated
22,2375, B  ,8857,B,X,O,3.0,4.0,10.0,2000-02-09 01:46:00,,,,,,Unassociated
23,2286, B  ,8852,B,X,O,4.0,8.0,10.0,2000-02-09 13:29:00,,,,,,Unassociated
24,3479, B  ,8862,C,S,O,2.0,4.0,100.0,2000-02-09 16:48:00,,,,,,Unassociated
25,2308, B  ,8854,C,R,O,4.0,4.0,20.0,2000-02-10 01:05:00,,,,,,Unassociated
26,3481, B  ,8864,B,X,O,2.0,6.0,10.0,2000-02-10 18:47:00,,,,,,Unassociated
27,3308, B  ,8863,B,X,O,4.0,2.0,10.0,2000-02-11 16:15:00,,,,,,Unassociated
28,4354, B  ,8873,B,X,O,2.0,4.0,10.0,2000-02-14 12:30:00,,,,,,Unassociated
29,4326, A  ,8871,H,A,O,2.0,2.0,20.0,2000-02-15 08:16:00,,,,,,Unassociated
30,4364, B  ,8874,B,X,O,4.0,5.0,10.0,2000-02-17 00:55:00,,,,,,Unassociated
31,4413, B  ,8877,B,X,O,3.0,2.0,10.0,2000-02-17 00:55:00,,,,,,Unassociated
32,4421, B  ,8878,B,X,O,2.0,2.0,10.0,2000-02-18 12:45:00,,,,,,Unassociated
33,4410, B  ,8876,B,X,O,3.0,1.0,10.0,2000-02-20 02:35:00,,,,,,Unassociated
34,4424, B  ,8880,C,R,O,2.0,4.0,30.0,2000-02-21 00:45:00,,,,,,Unassociated
35,4467, B  ,8870,D,S,O,2.0,5.0,60.0,2000-02-23 00:51:00,,,,,,Unassociated
36,4394, B  ,8875,D,S,O,6.0,10.0,50.0,2000-02-25 03:40:00,,,,,,Unassociated
37,5382, B  ,8885,B,S,O,2.0,4.0,20.0,2000-02-25 03:40:00,,,,,,Unassociated
38,6366, B  ,8893,C,R,O,2.0,4.0,10.0,2000-02-27 11:52:00,,,,,,Unassociated
39,5597, B  ,8887,C,R,O,7.0,3.0,30.0,2000-02-27 11:52:00,,,,,,Unassociated
40,6392, B  ,8894,B,X,O,3.0,3.0,30.0,2000-02-29 03:32:00,,,,,,Unassociated
41,6393, B  ,8895,B,X,O,3.0,4.0,10.0,2000-02-29 15:59:00,,,,,,Unassociated
42,4463, A  ,8881,H,A,X,2.0,2.0,30.0,2000-03-02 01:00:00,,,,,,Unassociated
43,5376, A  ,8883,H,S,X,2.0,2.0,30.0,2000-03-04 01:45:00,,,,,,Unassociated
44,6365, A  ,8892,H,S,X,1.0,1.0,20.0,2000-03-04 01:45:00,,,,,,Unassociated
45,6391, B  ,8896,B,X,O,2.0,2.0,10.0,2000-03-06 15:00:00,,,,,,Unassociated
46,6412, A  ,8897,A,X,X,1.0,2.0,20.0,2000-03-07 07:10:00,,,,,,Unassociated
47,7210, A  ,8905,A,X,X,4.0,1.0,20.0,2000-03-10 15:58:00,,,,,,Unassociated
48,9203, B  ,8907,C,S,O,3.0,7.0,20.0,2000-03-12 02:45:00,,,,,,Unassociated
49,9219, A  ,8908,A,X,X,2.0,2.0,10.0,2000-03-13 06:47:00,,,,,,Unassociated
50,7064, B  ,8902,B,X,O,3.0,3.0,10.0,2000-03-13 06:47:00,,,,,,Unassociated
51,7089, A  ,8903,H,S,X,1.0,1.0,20.0,2000-03-15 12:12:00,,,,,,Unassociated
52,10360, A  ,8911,H,R,X,1.0,1.0,10.0,2000-03-16 11:29:00,,,,,,Unassociated
53,10885, B  ,8920,C,R,O,2.0,3.0,10.0,2000-03-24 06:30:00,,,,,,Unassociated
54,10910, A  ,8923,A,X,X,1.0,1.0,10.0,2000-03-26 16:08:00,,,,,,Unassociated
55,11269, B  ,8927,D,A,O,2.0,6.0,30.0,2000-03-28 10:15:00,,,,,,Unassociated
56,10894, A  ,8922,H,R,X,2.0,1.0,10.0,2000-03-29 09:30:00,,,,,,Unassociated
57,11679, B  ,8934,C,R,O,3.0,4.0,10.0,2000-03-30 08:28:00,,,,,,Unassociated
58,11489, A  ,8929,H,S,X,1.0,1.0,10.0,2000-04-02 01:30:00,,,,,,Unassociated
59,12765, B  ,8942,C,A,O,14.0,6.0,50.0,2000-04-02 15:30:00,,,,,,Unassociated
60,14286, B  ,8950,B,X,O,2.0,8.0,10.0,2000-04-06 12:51:00,,,,,,Unassociated
61,11604, A  ,8932,A,X,X,1.0,1.0,20.0,2000-04-07 14:33:00,,,,,,Unassociated
62,12793, A  ,8943,A,X,X,1.0,2.0,30.0,2000-04-08 05:27:00,,,,,,Unassociated
63,14333, A  ,8952,H,S,X,1.0,1.0,10.0,2000-04-09 01:15:00,,,,,,Unassociated
64,12848, B  ,8945,C,S,O,2.0,2.0,20.0,2000-04-09 01:15:00,,,,,,Unassociated
65,12822, A  ,8944,A,X,X,2.0,1.0,10.0,2000-04-09 12:12:00,,,,,,Unassociated
66,15114, B  ,8954,B,X,O,4.0,6.0,20.0,2000-04-13 15:28:00,,,,,,Unassociated
67,15128, B  ,8956,B,X,O,9.0,7.0,20.0,2000-04-16 01:00:00,,,,,,Unassociated
68,15170, A  ,8960,H,S,X,1.0,1.0,20.0,2000-04-17 15:47:00,,,,,,Unassociated
69,15156, A  ,8961,A,X,X,2.0,2.0,60.0,2000-04-17 15:47:00,,,,,,Unassociated
70,14285, A  ,8949,H,S,X,1.0,2.0,60.0,2000-04-18 01:47:00,,,,,,Unassociated
71,14328, A  ,8951,H,S,X,1.0,1.0,30.0,2000-04-19 17:30:00,,,,,,Unassociated
72,14362, A  ,8953,A,X,X,2.0,2.0,20.0,2000-04-20 15:06:00,,,,,,Unassociated
73,15152, B  ,8958,C,S,O,5.0,3.0,50.0,2000-04-22 01:05:00,,,,,,Unassociated
74,15854, A  ,8962,H,S,X,1.0,1.0,20.0,2000-04-24 05:26:00,,,,,,Unassociated
75,17927, B  ,8973,B,X,O,2.0,5.0,30.0,2000-04-28 01:20:00,,,,,,Unassociated
76,16468, B  ,8968,B,X,O,3.0,5.0,30.0,2000-04-28 01:20:00,,,,,,Unassociated
77,18040, B  ,8978,B,X,O,2.0,8.0,10.0,2000-05-05 11:34:00,,,,,,Unassociated
78,18168, B  ,8985,B,X,O,4.0,3.0,20.0,2000-05-06 01:00:00,,,,,,Unassociated
79,18100, A  ,8981,A,X,X,2.0,1.0,10.0,2000-05-07 14:55:00,,,,,,Unassociated
80,18165, B  ,8984,B,X,O,3.0,3.0,10.0,2000-05-07 14:55:00,,,,,,Unassociated
81,18076, A  ,8980,A,X,X,2.0,1.0,10.0,2000-05-09 11:15:00,,,,,,Unassociated
82,18197, B  ,8987,C,R,O,2.0,4.0,10.0,2000-05-10 08:16:00,,,,,,Unassociated
83,18189, B  ,8986,D,A,I,18.0,7.0,180.0,2000-05-11 01:47:00,,,,,,Unassociated
84,21864, B  ,9000,B,X,O,2.0,2.0,10.0,2000-05-15 01:25:00,,,,,,Unassociated
85,23676, B  ,9005,B,X,O,3.0,2.0,10.0,2000-05-16 02:00:00,,,,,,Unassociated
86,23677, B  ,9001,C,S,O,3.0,3.0,20.0,2000-05-16 02:00:00,,,,,,Unassociated
87,18803, A  ,8992,A,X,X,1.0,1.0,10.0,2000-05-17 15:15:00,,,,,,Unassociated
88,23680, A  ,9008,A,X,X,1.0,1.0,10.0,2000-05-17 15:15:00,,,,,,Unassociated
89,18813, A  ,8994,A,X,X,1.0,1.0,20.0,2000-05-17 15:15:00,,,,,,Unassociated
90,18835, B  ,8997,B,X,O,3.0,6.0,10.0,2000-05-18 01:15:00,,,,,,Unassociated
91,23679, B  ,9007,C,R,O,2.0,2.0,10.0,2000-05-18 01:15:00,,,,,,Unassociated
92,21878, B  ,9003,B,X,O,6.0,7.0,10.0,2000-05-18 12:53:00,,,,,,Unassociated
93,23807, B  ,9012,B,X,O,3.0,2.0,10.0,2000-05-21 01:15:00,,,,,,Unassociated
94,23808, B  ,9013,C,S,O,2.0,3.0,40.0,2000-05-22 06:42:00,,,,,,Unassociated
95,23714, B  ,9009,B,X,O,3.0,5.0,10.0,2000-05-26 14:25:00,,,,,,Unassociated
96,23834, A  ,9016,A,X,X,1.0,1.0,10.0,2000-05-27 16:42:00,,,,,,Unassociated
97,24258, A  ,9021,A,X,X,3.0,2.0,10.0,2000-05-30 07:25:00,,,,,,Unassociated
98,24251, B  ,9020,C,R,O,3.0,4.0,10.0,2000-05-30 07:25:00,,,,,,Unassociated
99,24237, B  ,9018,B,X,O,2.0,3.0,10.0,2000-05-31 12:56:00,,,,,,Unassociated
100,24299, B  ,9025,C,R,O,2.0,7.0,30.0,2000-06-01 07:15:00,,,,,,Unassociated
101,24280, A  ,9022,A,X,X,1.0,1.0,10.0,2000-06-02 19:07:00,,,,,,Unassociated
102,24297, B  ,9023,B,X,O,5.0,5.0,20.0,2000-06-03 01:50:00,,,,,,Unassociated
103,26641, B  ,9027,B,X,O,3.0,2.0,10.0,2000-06-03 01:50:00,,,,,,Unassociated
104,26868, B  ,9029,C,R,O,3.0,3.0,30.0,2000-06-04 00:46:00,,,,,,Unassociated
105,27746, B  ,9032,B,X,O,3.0,10.0,10.0,2000-06-14 12:31:00,,,,,,Unassociated
106,29519, B  ,9043,B,X,O,2.0,2.0,10.0,2000-06-14 14:42:00,,,,,,Unassociated
107,27982, B  ,9038,C,R,O,3.0,1.0,30.0,2000-06-16 00:59:00,,,,,,Unassociated
108,30020, B  ,9044,C,S,O,3.0,3.0,120.0,2000-06-17 05:43:00,,,,,,Unassociated
109,27807, A  ,9035,H,S,X,1.0,1.0,60.0,2000-06-17 13:05:00,,,,,,Unassociated
110,27963, A  ,9037,H,R,X,1.0,1.0,10.0,2000-06-18 07:15:00,,,,,,Unassociated
111,29905, B  ,9047,B,X,O,4.0,3.0,10.0,2000-06-18 12:30:00,,,,,,Unassociated
112,29526, B  ,9045,B,X,O,3.0,3.0,10.0,2000-06-18 15:14:00,,,,,,Unassociated
113,30090, A  ,9053,H,R,X,1.0,1.0,10.0,2000-06-20 10:15:00,,,,,,Unassociated
114,30085, A  ,9052,H,S,X,1.0,2.0,120.0,2000-06-23 15:38:00,,,,,,Unassociated
115,30047, A  ,9050,H,S,X,1.0,2.0,60.0,2000-06-24 05:45:00,,,,,,Unassociated
116,30594, B  ,9060,B,X,O,2.0,3.0,10.0,2000-06-27 13:05:00,,,,,,Unassociated
117,30406, A  ,9055,H,R,X,1.0,1.0,10.0,2000-07-03 01:10:00,,,,,,Unassociated
118,30452, A  ,9056,H,S,X,1.0,2.0,110.0,2000-07-03 01:10:00,,,,,,Unassociated
119,30501, A  ,9057,H,S,X,1.0,2.0,120.0,2000-07-04 13:50:00,,,,,,Unassociated
120,30624, A  ,9063,A,X,X,2.0,1.0,10.0,2000-07-05 14:49:00,,,,,,Unassociated
121,30589, A  ,9061,H,S,X,1.0,1.0,20.0,2000-07-06 05:03:00,,,,,,Unassociated
122,30738, B  ,9065,B,X,O,2.0,1.0,10.0,2000-07-07 01:07:00,,,,,,Unassociated
123,32368, A  ,9075,H,S,X,1.0,1.0,30.0,2000-07-07 19:20:00,,,,,,Unassociated
124,32246, B  ,9072,D,S,O,3.0,5.0,40.0,2000-07-11 12:02:00,,,,,,Unassociated
125,33987, B  ,9083,B,X,O,2.0,3.0,10.0,2000-07-11 15:05:00,,,,,,Unassociated
126,32391, B  ,9076,B,X,O,2.0,4.0,10.0,2000-07-12 17:58:00,,,,,,Unassociated
127,32365, B  ,9074,B,X,O,3.0,3.0,10.0,2000-07-13 12:36:00,,,,,,Unassociated
128,33816, B  ,9078,C,A,O,5.0,7.0,20.0,2000-07-13 12:36:00,,,,,,Unassociated
129,37617, B  ,9093,C,S,O,2.0,3.0,10.0,2000-07-18 12:00:00,,,,,,Unassociated
130,34258, BG ,9089,E,K,C,30.0,15.0,470.0,2000-07-19 18:30:00,,,,,,Unassociated
131,37613, A  ,9092,A,X,X,1.0,1.0,20.0,2000-07-20 13:30:00,,,,,,Unassociated
132,38468, B  ,9098,B,X,O,4.0,3.0,10.0,2000-07-20 13:30:00,,,,,,Unassociated
133,33861, A  ,9079,H,S,X,1.0,2.0,30.0,2000-07-21 06:11:00,,,,,,Unassociated
134,33893, B  ,9080,D,S,O,2.0,2.0,100.0,2000-07-21 12:30:00,,,,,,Unassociated
135,33961, A  ,9084,H,S,X,1.0,1.0,30.0,2000-07-22 01:13:00,,,,,,Unassociated
136,33938, A  ,9081,H,S,X,1.0,1.0,20.0,2000-07-23 11:35:00,,,,,,Unassociated
137,38598, A  ,9102,A,X,X,3.0,1.0,10.0,2000-07-27 16:25:00,,,,,,Unassociated
138,37605, A  ,9094,A,X,X,1.0,1.0,10.0,2000-07-28 16:00:00,,,,,,Unassociated
139,37711, A  ,9096,A,X,X,1.0,1.0,10.0,2000-07-28 16:00:00,,,,,,Unassociated
140,38589, B  ,9101,B,X,O,3.0,3.0,10.0,2000-07-29 01:29:00,,,,,,Unassociated
141,38783, B  ,9106,C,R,O,5.0,5.0,30.0,2000-07-30 05:08:00,,,,,,Unassociated
142,38466, A  ,9099,H,S,X,1.0,2.0,60.0,2000-08-01 01:20:00,,,,,,Unassociated
143,38883, B  ,9109,D,S,O,2.0,2.0,20.0,2000-08-02 11:30:00,,,,,,Unassociated
144,39335, A  ,9112,A,X,X,1.0,1.0,10.0,2000-08-02 15:00:00,,,,,,Unassociated
145,38869, A  ,9108,A,X,X,1.0,1.0,10.0,2000-08-04 15:15:00,,,,,,Unassociated
146,38982, B  ,9113,B,X,O,12.0,10.0,50.0,2000-08-05 14:20:00,,,,,,Unassociated
147,38677, A  ,9104,H,S,X,1.0,1.0,50.0,2000-08-07 18:36:00,,,,,,Unassociated
148,39430, A  ,9117,H,S,X,1.0,1.0,10.0,2000-08-07 18:36:00,,,,,,Unassociated
149,39398, B  ,9116,B,X,O,2.0,3.0,10.0,2000-08-08 16:35:00,,,,,,Unassociated
150,39441, B  ,9120,C,S,O,3.0,3.0,60.0,2000-08-10 16:55:00,,,,,,Unassociated
151,39422, A  ,9119,A,X,X,1.0,1.0,10.0,2000-08-12 01:15:00,,,,,,Unassociated
152,39469, B  ,9121,B,X,O,1.0,10.0,10.0,2000-08-14 06:00:00,,,,,,Unassociated
153,41539, B  ,9130,B,X,O,7.0,5.0,20.0,2000-08-14 15:06:00,,,,,,Unassociated
154,39381, A  ,9115,H,S,X,1.0,1.0,30.0,2000-08-16 06:57:00,,,,,,Unassociated
155,41263, B  ,9133,B,X,O,5.0,4.0,20.0,2000-08-16 14:00:00,,,,,,Unassociated
156,41751, B  ,9132,B,X,O,2.0,10.0,10.0,2000-08-17 06:40:00,,,,,,Unassociated
157,39573, B  ,9123,B,X,O,4.0,4.0,10.0,2000-08-18 03:30:00,,,,,,Unassociated
158,41323, B  ,9128,C,A,O,13.0,6.0,30.0,2000-08-19 14:00:00,,,,,,Unassociated
159,41790, B  ,9135,B,X,O,2.0,7.0,10.0,2000-08-21 07:12:00,,,,,,Unassociated
160,41766, B  ,9134,B,X,O,4.0,2.0,10.0,2000-08-21 07:12:00,,,,,,Unassociated
161,41793, B  ,9137,C,R,O,2.0,2.0,10.0,2000-08-23 07:20:00,,,,,,Unassociated
162,41831, A  ,9138,A,X,X,1.0,1.0,10.0,2000-08-29 14:05:00,,,,,,Unassociated
163,42541, A  ,9148,A,X,X,1.0,1.0,10.0,2000-08-30 17:40:00,,,,,,Unassociated
164,42924, A  ,9150,H,R,X,1.0,1.0,20.0,2000-09-01 01:20:00,,,,,,Unassociated
165,42000, B  ,9142,B,X,O,2.0,10.0,20.0,2000-09-03 14:23:00,,,,,,Unassociated
166,42535, A  ,9146,A,X,X,1.0,1.0,10.0,2000-09-03 14:23:00,,,,,,Unassociated
167,43094, B  ,9153,C,S,O,10.0,6.0,30.0,2000-09-04 14:45:00,,,,,,Unassociated
168,43422, B  ,9155,D,A,O,3.0,2.0,20.0,2000-09-05 07:45:00,,,,,,Unassociated
169,42528, A  ,9145,A,X,X,1.0,1.0,30.0,2000-09-07 01:05:00,,,,,,Unassociated
170,43455, B  ,9159,B,X,O,2.0,5.0,20.0,2000-09-08 01:59:00,,,,,,Unassociated
171,43081, B  ,9152,B,X,O,2.0,2.0,10.0,2000-09-09 14:30:00,,,,,,Unassociated
172,43449, A  ,9157,A,X,X,3.0,2.0,10.0,2000-09-10 17:45:00,,,,,,Unassociated
173,43493, B  ,9162,B,X,O,2.0,6.0,10.0,2000-09-15 11:33:00,,,,,,Unassociated
174,43539, A  ,9164,H,S,X,1.0,1.0,20.0,2000-09-17 14:45:00,,,,,,Unassociated
175,45968, B  ,9168,D,S,O,3.0,3.0,40.0,2000-09-18 00:50:00,,,,,,Unassociated
176,43524, A  ,9163,H,R,X,1.0,1.0,30.0,2000-09-18 00:50:00,,,,,,Unassociated
177,43516, A  ,9161,A,X,X,1.0,1.0,10.0,2000-09-20 14:20:00,,,,,,Unassociated
178,47970, A  ,9174,A,X,X,1.0,1.0,10.0,2000-09-26 17:10:00,,,,,,Unassociated
179,47980, A  ,9175,A,X,X,2.0,2.0,10.0,2000-09-28 16:30:00,,,,,,Unassociated
180,47221, B  ,9170,B,X,O,3.0,13.0,10.0,2000-09-29 12:03:00,,,,,,Unassociated
181,47260, A  ,9171,A,X,X,1.0,1.0,10.0,2000-10-02 17:28:00,,,,,,Unassociated
182,48891, A  ,9180,A,X,X,2.0,1.0,10.0,2000-10-03 08:25:00,,,,,,Unassociated
183,49614, B  ,9183,B,X,O,3.0,5.0,20.0,2000-10-03 15:41:00,,,,,,Unassociated
184,48882, B  ,9179,B,X,O,3.0,2.0,10.0,2000-10-04 12:33:00,,,,,,Unassociated
185,48906, B  ,9186,D,S,O,2.0,9.0,90.0,2000-10-08 00:50:00,,,,,,Unassociated
186,49695, A  ,9191,A,X,X,1.0,1.0,10.0,2000-10-13 12:00:00,,,,,,Unassociated
187,49638, B  ,9188,C,S,O,3.0,2.0,10.0,2000-10-14 12:12:00,,,,,,Unassociated
188,49655, A  ,9189,A,X,X,2.0,2.0,10.0,2000-10-14 14:14:00,,,,,,Unassociated
189,49854, A  ,9196,A,X,X,2.0,2.0,20.0,2000-10-14 14:14:00,,,,,,Unassociated
190,49715, B  ,9192,B,X,O,3.0,4.0,10.0,2000-10-16 14:30:00,,,,,,Unassociated
191,49692, B  ,9190,C,S,O,2.0,2.0,20.0,2000-10-19 12:30:00,,,,,,Unassociated
192,50586, B  ,9202,B,X,O,5.0,5.0,10.0,2000-10-23 00:20:00,,,,,,Unassociated
193,50578, B  ,9204,C,S,O,6.0,4.0,20.0,2000-10-25 13:20:00,,,,,,Unassociated
194,51195, B  ,9211,B,X,O,3.0,3.0,10.0,2000-10-28 12:13:00,,,,,,Unassociated
195,50678, B  ,9215,B,X,O,4.0,5.0,10.0,2000-10-29 14:20:00,,,,,,Unassociated
196,50674, B  ,9208,D,S,O,2.0,3.0,30.0,2000-11-02 06:50:00,,,,,,Unassociated
197,51865, A  ,9217,A,X,X,2.0,3.0,30.0,2000-11-02 15:24:00,,,,,,Unassociated
198,50622, B  ,9206,B,X,O,2.0,5.0,10.0,2000-11-03 01:45:00,,,,,,Unassociated
199,52000, B  ,9224,C,A,O,4.0,8.0,30.0,2000-11-08 08:15:00,,,,,,Unassociated
200,52002, B  ,9226,C,A,O,2.0,2.0,40.0,2000-11-08 08:15:00,,,,,,Unassociated
201,51942, A  ,9222,H,R,X,1.0,1.0,30.0,2000-11-09 01:14:00,,,,,,Unassociated
202,52217, B  ,9230,B,X,O,3.0,3.0,10.0,2000-11-11 12:20:00,,,,,,Unassociated
203,51998, B  ,9225,C,S,O,2.0,1.0,30.0,2000-11-12 12:30:00,,,,,,Unassociated
204,51893, A  ,9220,A,X,X,1.0,1.0,10.0,2000-11-12 12:30:00,,,,,,Unassociated
205,51859, A  ,9219,H,S,X,1.0,2.0,50.0,2000-11-13 00:50:00,,,,,,Unassociated
206,52174, B  ,9228,C,R,O,2.0,2.0,20.0,2000-11-15 11:30:00,,,,,,Unassociated
207,52213, A  ,9229,H,S,X,1.0,1.0,10.0,2000-11-21 13:15:00,,,,,,Unassociated
208,53645, A  ,9232,A,X,X,2.0,2.0,20.0,2000-11-22 13:00:00,,,,,,Unassociated
209,55461, B  ,9241,B,X,O,2.0,2.0,10.0,2000-11-24 15:30:00,,,,,,Unassociated
210,53672, B  ,9233,B,X,O,2.0,4.0,30.0,2000-11-26 13:10:00,,,,,,Unassociated
211,55789, B  ,9243,D,S,O,6.0,8.0,40.0,2000-12-03 12:15:00,,,,,,Unassociated
212,56494, A  ,9256,H,S,X,2.0,1.0,10.0,2000-12-06 12:15:00,,,,,,Unassociated
213,55815, A  ,9245,A,X,X,1.0,1.0,10.0,2000-12-06 16:50:00,,,,,,Unassociated
214,56433, A  ,9249,A,X,X,1.0,2.0,10.0,2000-12-07 19:45:00,,,,,,Unassociated
215,56516, B  ,9259,B,X,O,3.0,6.0,20.0,2000-12-08 12:37:00,,,,,,Unassociated
216,56488, A  ,9260,H,S,X,2.0,2.0,50.0,2000-12-09 15:38:00,,,,,,Unassociated
217,56512, B  ,9258,C,S,O,3.0,2.0,10.0,2000-12-11 00:19:00,,,,,,Unassociated
218,56628, A  ,9263,H,S,X,1.0,1.0,40.0,2000-12-12 00:10:00,,,,,,Unassociated
219,56467, A  ,9254,A,X,X,2.0,2.0,20.0,2000-12-12 12:13:00,,,,,,Unassociated
220,56476, A  ,9255,H,R,X,1.0,1.0,20.0,2000-12-13 07:57:00,,,,,,Unassociated
221,56509, B  ,9257,C,S,O,3.0,4.0,30.0,2000-12-13 18:20:00,,,,,,Unassociated
222,56769, A  ,9265,H,R,X,1.0,1.0,10.0,2000-12-18 08:03:00,,,,,,Unassociated
223,57191, A  ,9275,A,X,X,2.0,1.0,10.0,2000-12-18 12:32:00,,,,,,Unassociated
224,57389, B  ,9273,B,X,O,5.0,4.0,10.0,2000-12-21 15:38:00,,,,,,Unassociated
225,57800, A  ,9281,A,X,X,3.0,1.0,10.0,2000-12-23 15:45:00,,,,,,Unassociated
226,57661, B  ,9284,C,S,O,4.0,3.0,20.0,2000-12-24 00:30:00,,,,,,Unassociated
227,57231, A  ,9268,H,S,X,1.0,1.0,60.0,2000-12-26 00:20:00,,,,,,Unassociated
228,59656, B  ,9288,D,R,O,2.0,3.0,10.0,2000-12-26 12:42:00,,,,,,Unassociated
229,59649, A  ,9286,H,R,X,1.0,1.0,10.0,2000-12-26 12:42:00,,,,,,Unassociated
230,59653, B  ,9287,D,R,O,4.0,5.0,20.0,2000-12-26 12:42:00,,,,,,Unassociated
231,58261, A  ,9282,H,S,X,1.0,1.0,10.0,2000-12-31 01:55:00,,,,,,Unassociated
232,60582, A  ,9292,A,X,X,2.0,1.0,10.0,2001-01-06 00:30:00,,,,,,Unassociated
233,60603, B  ,9293,C,S,O,2.0,2.0,10.0,2001-01-06 15:10:00,,,,,,Unassociated
234,60574, A  ,9291,H,S,X,1.0,1.0,30.0,2001-01-07 12:35:00,,,,,,Unassociated
235,60757, B  ,9299,B,X,O,2.0,2.0,10.0,2001-01-07 16:34:00,,,,,,Unassociated
236,60730, B  ,9300,B,X,O,4.0,3.0,10.0,2001-01-08 00:25:00,,,,,,Unassociated
237,60747, A  ,9297,H,S,X,1.0,1.0,30.0,2001-01-09 01:47:00,,,,,,Unassociated
238,61112, A  ,9303,A,X,X,1.0,2.0,30.0,2001-01-09 12:32:00,,,,,,Unassociated
239,60754, A  ,9298,A,X,X,1.0,1.0,10.0,2001-01-09 12:32:00,,,,,,Unassociated
240,61150, A  ,9305,H,R,X,1.0,1.0,10.0,2001-01-12 08:14:00,,,,,,Unassociated
241,60677, A  ,9295,H,S,X,1.0,1.0,20.0,2001-01-12 16:15:00,,,,,,Unassociated
242,60720, B  ,9296,C,S,O,2.0,2.0,30.0,2001-01-14 13:10:00,,,,,,Unassociated
243,61170, A  ,9309,A,X,X,1.0,1.0,20.0,2001-01-15 17:12:00,,,,,,Unassociated
244,61681, B  ,9314,B,X,O,3.0,2.0,10.0,2001-01-19 01:30:00,,,,,,Unassociated
245,62397, B  ,9315,C,S,O,2.0,8.0,40.0,2001-01-19 16:12:00,,,,,,Unassociated
246,61697, A  ,9310,A,X,X,2.0,1.0,10.0,2001-01-19 16:12:00,,,,,,Unassociated
247,62050, B  ,9312,B,X,O,3.0,4.0,10.0,2001-01-20 19:32:00,,,,,,Unassociated
248,62055, B  ,9318,B,X,O,6.0,4.0,10.0,2001-01-21 01:52:00,,,,,,Unassociated
249,62567, B  ,9324,B,X,O,3.0,1.0,10.0,2001-01-25 13:00:00,,,,,,Unassociated
250,62576, B  ,9323,C,R,O,4.0,6.0,20.0,2001-01-26 02:20:00,,,,,,Unassociated
251,62426, B  ,9316,D,S,O,2.0,1.0,10.0,2001-01-29 00:45:00,,,,,,Unassociated
252,62643, A  ,9326,A,X,X,2.0,1.0,10.0,2001-01-29 17:58:00,,,,,,Unassociated
253,62559, A  ,9322,A,X,X,1.0,1.0,10.0,2001-01-29 17:58:00,,,,,,Unassociated
254,62585, A  ,9328,H,A,X,3.0,1.0,50.0,2001-01-30 00:30:00,,,,,,Unassociated
255,62950, A  ,9331,A,X,X,2.0,2.0,10.0,2001-02-01 12:09:00,,,,,,Unassociated
256,62962, B  ,9332,C,S,O,3.0,5.0,20.0,2001-02-03 12:45:00,,,,,,Unassociated
257,62977, A  ,9333,A,X,X,1.0,1.0,10.0,2001-02-05 13:19:00,,,,,,Unassociated
258,63194, B  ,9336,B,X,O,4.0,3.0,10.0,2001-02-06 12:39:00,,,,,,Unassociated
259,63697, A  ,9340,H,A,X,1.0,1.0,10.0,2001-02-08 11:54:00,,,,,,Unassociated
260,63348, B  ,9337,C,S,O,4.0,2.0,40.0,2001-02-08 17:20:00,,,,,,Unassociated
261,63774, B  ,9344,C,S,O,2.0,1.0,10.0,2001-02-10 13:05:00,,,,,,Unassociated
262,63721, A  ,9341,H,R,X,1.0,1.0,10.0,2001-02-11 11:25:00,,,,,,Unassociated
263,63734, B  ,9345,C,A,O,4.0,4.0,20.0,2001-02-11 16:35:00,,,,,,Unassociated
264,63708, A  ,9342,A,X,X,1.0,1.0,10.0,2001-02-15 15:30:00,,,,,,Unassociated
265,63692, A  ,9339,H,S,X,1.0,1.0,60.0,2001-02-16 00:15:00,,,,,,Unassociated
266,63802, B  ,9347,C,S,O,2.0,3.0,20.0,2001-02-17 07:35:00,,,,,,Unassociated
267,63883, B  ,9351,C,S,O,2.0,3.0,10.0,2001-02-18 12:10:00,,,,,,Unassociated
268,64073, A  ,9355,A,X,X,3.0,2.0,10.0,2001-02-19 15:45:00,,,,,,Unassociated
269,63835, A  ,9349,H,R,X,1.0,1.0,20.0,2001-02-20 08:15:00,,,,,,Unassociated
270,63897, B  ,9352,C,A,O,2.0,2.0,20.0,2001-02-20 08:15:00,,,,,,Unassociated
271,64112, A  ,9356,A,X,X,1.0,1.0,10.0,2001-02-23 18:45:00,,,,,,Unassociated
272,64105, B  ,9357,D,A,O,7.0,7.0,60.0,2001-02-26 07:25:00,,,,,,Unassociated
273,64137, A  ,9358,H,S,X,3.0,2.0,10.0,2001-02-27 12:42:00,,,,,,Unassociated
274,64256, B  ,9361,C,R,O,2.0,1.0,20.0,2001-02-28 00:20:00,,,,,,Unassociated
275,64251, A  ,9360,H,S,X,1.0,1.0,10.0,2001-03-01 02:10:00,,,,,,Unassociated
276,64734, B  ,9369,D,A,O,4.0,9.0,80.0,2001-03-06 09:00:00,,,,,,Unassociated
277,64348, A  ,9367,H,R,X,1.0,1.0,10.0,2001-03-07 02:05:00,,,,,,Unassociated
278,65991, A  ,9377,H,R,X,1.0,1.0,10.0,2001-03-11 07:55:00,,,,,,Unassociated
279,65845, A  ,9375,A,X,X,1.0,1.0,10.0,2001-03-12 15:30:00,,,,,,Unassociated
280,65746, B  ,9378,C,S,O,2.0,2.0,20.0,2001-03-13 12:15:00,,,,,,Unassociated
281,65996, A  ,9379,A,X,X,1.0,1.0,10.0,2001-03-13 14:45:00,,,,,,Unassociated
282,65741, A  ,9374,A,X,X,3.0,2.0,10.0,2001-03-14 14:45:00,,,,,,Unassociated
283,66001, A  ,9381,A,X,X,2.0,2.0,10.0,2001-03-15 12:00:00,,,,,,Unassociated
284,66017, B  ,9383,C,A,O,3.0,6.0,90.0,2001-03-17 14:00:00,,,,,,Unassociated
285,66111, B  ,9385,C,R,O,2.0,1.0,10.0,2001-03-18 10:47:00,,,,,,Unassociated
286,66113, A  ,9386,H,R,X,1.0,1.0,10.0,2001-03-19 09:05:00,,,,,,Unassociated
287,66007, A  ,9380,H,R,X,1.0,1.0,10.0,2001-03-19 12:05:00,,,,,,Unassociated
288,66684, B  ,9391,C,S,O,2.0,2.0,10.0,2001-03-21 18:10:00,,,,,,Unassociated
289,66155, B  ,9388,C,R,O,4.0,3.0,30.0,2001-03-22 00:31:00,,,,,,Unassociated
290,69303, A  ,9398,H,S,X,1.0,1.0,10.0,2001-03-26 00:48:00,,,,,,Unassociated
291,66700, A  ,9392,H,S,X,1.0,3.0,60.0,2001-03-26 00:48:00,,,,,,Unassociated
292,69117, A  ,9400,A,X,X,2.0,1.0,10.0,2001-03-28 16:05:00,,,,,,Unassociated
293,69106, B  ,9399,B,X,O,2.0,8.0,10.0,2001-03-28 16:05:00,,,,,,Unassociated
294,69776, B  ,9405,B,X,O,3.0,4.0,10.0,2001-03-29 11:04:00,,,,,,Unassociated
295,69028, B  ,9394,H,R,O,2.0,1.0,10.0,2001-03-29 11:04:00,,,,,,Unassociated
296,66150, A  ,9387,H,S,X,1.0,2.0,60.0,2001-03-30 00:40:00,,,,,,Unassociated
297,69901, A  ,9411,A,X,X,2.0,2.0,20.0,2001-03-30 15:30:00,,,,,,Unassociated
298,69900, B  ,9410,B,X,O,4.0,3.0,30.0,2001-03-30 15:30:00,,,,,,Unassociated
299,69089, B  ,9396,B,X,O,3.0,10.0,80.0,2001-03-30 15:30:00,,,,,,Unassociated
300,69066, A  ,9395,A,X,X,1.0,1.0,10.0,2001-04-03 14:30:00,,,,,,Unassociated
301,69945, A  ,9414,A,X,X,1.0,1.0,10.0,2001-04-04 17:06:00,,,,,,Unassociated
302,71278, B  ,9416,C,S,O,4.0,6.0,20.0,2001-04-05 12:35:00,,,,,,Unassociated
303,69897, A  ,9408,H,A,X,1.0,3.0,90.0,2001-04-06 11:50:00,,,,,,Unassociated
304,69938, A  ,9413,H,S,X,1.0,3.0,60.0,2001-04-06 11:50:00,,,,,,Unassociated
305,69919, B  ,9412,B,X,O,3.0,3.0,10.0,2001-04-06 15:05:00,,,,,,Unassociated
306,69863, A  ,9407,H,S,X,1.0,2.0,60.0,2001-04-09 00:06:00,,,,,,Unassociated
307,69820, A  ,9406,H,S,X,1.0,2.0,60.0,2001-04-09 16:09:00,,,,,,Unassociated
308,71609, A  ,9421,H,S,X,1.0,2.0,50.0,2001-04-09 16:09:00,,,,,,Unassociated
309,71284, A  ,9419,A,X,X,1.0,1.0,10.0,2001-04-10 14:38:00,,,,,,Unassociated
310,71557, A  ,9425,H,S,X,1.0,1.0,10.0,2001-04-11 07:50:00,,,,,,Unassociated
311,71651, B  ,9423,B,X,O,3.0,2.0,10.0,2001-04-12 00:18:00,,,,,,Unassociated
312,71600, A  ,9420,H,R,X,1.0,1.0,40.0,2001-04-16 00:45:00,,,,,,Unassociated
313,71723, A  ,9427,H,S,X,1.0,2.0,10.0,2001-04-16 12:30:00,,,,,,Unassociated
314,71643, B  ,9422,B,X,O,3.0,3.0,10.0,2001-04-17 00:50:00,,,,,,Unassociated
315,71703, A  ,9426,A,X,X,2.0,1.0,10.0,2001-04-18 05:40:00,,,,,,Unassociated
316,71769, A  ,9430,A,X,X,2.0,2.0,20.0,2001-04-18 05:40:00,,,,,,Unassociated
317,74847, B  ,9434,C,S,O,2.0,4.0,20.0,2001-04-21 15:11:00,,,,,,Unassociated
318,74965, A  ,9438,A,X,X,1.0,1.0,10.0,2001-04-24 14:24:00,,,,,,Unassociated
319,71761, A  ,9429,A,X,X,1.0,1.0,20.0,2001-04-24 14:24:00,,,,,,Unassociated
320,74984, B  ,9439,C,R,O,2.0,2.0,30.0,2001-04-28 00:10:00,,,,,,Unassociated
321,74881, A  ,9435,H,S,X,1.0,2.0,60.0,2001-04-28 12:08:00,,,,,,Unassociated
322,74974, B  ,9440,C,A,O,2.0,3.0,20.0,2001-04-29 14:38:00,,,,,,Unassociated
323,76032, A  ,9446,A,X,X,3.0,1.0,10.0,2001-04-30 05:23:00,,,,,,Unassociated
324,74963, A  ,9437,A,X,X,2.0,1.0,10.0,2001-04-30 05:23:00,,,,,,Unassociated
325,75230, A  ,9444,A,X,X,4.0,2.0,10.0,2001-05-03 00:10:00,,,,,,Unassociated
326,74929, A  ,9436,H,S,X,1.0,2.0,60.0,2001-05-03 15:50:00,,,,,,Unassociated
327,75025, A  ,9442,H,S,X,1.0,1.0,50.0,2001-05-06 14:40:00,,,,,,Unassociated
328,76220, A  ,9450,A,X,X,1.0,1.0,10.0,2001-05-09 05:25:00,,,,,,Unassociated
329,76287, B  ,9453,C,R,O,4.0,6.0,30.0,2001-05-10 05:37:00,,,,,,Unassociated
330,76162, A  ,9448,H,S,X,1.0,2.0,90.0,2001-05-13 11:15:00,,,,,,Unassociated
331,77303, A  ,9457,A,X,X,1.0,1.0,10.0,2001-05-14 17:11:00,,,,,,Unassociated
332,77318, A  ,9460,A,X,X,1.0,1.0,10.0,2001-05-15 01:38:00,,,,,,Unassociated
333,76283, B  ,9452,B,X,O,2.0,4.0,10.0,2001-05-15 06:38:00,,,,,,Unassociated
334,77296, B  ,9456,D,A,O,3.0,10.0,120.0,2001-05-17 13:45:00,,,,,,Unassociated
335,77301, B  ,9459,B,X,O,2.0,3.0,10.0,2001-05-18 13:58:00,,,,,,Unassociated
336,78069, A  ,9469,H,A,X,2.0,2.0,60.0,2001-05-23 13:30:00,,,,,,Unassociated
337,77643, A  ,9471,A,X,X,2.0,2.0,10.0,2001-05-24 07:50:00,,,,,,Unassociated
338,77636, B  ,9464,B,X,O,3.0,12.0,36.0,2001-05-26 13:01:00,,,,,,Unassociated
339,77657, B  ,9466,B,X,O,4.0,5.0,10.0,2001-05-26 13:29:00,,,,,,Unassociated
340,78293, A  ,9473,H,S,X,1.0,1.0,10.0,2001-05-27 05:15:00,,,,,,Unassociated
341,78298, A  ,9476,A,X,X,1.0,1.0,20.0,2001-05-28 00:25:00,,,,,,Unassociated
342,78315, B  ,9478,C,R,O,2.0,3.0,10.0,2001-05-28 05:03:00,,,,,,Unassociated
343,78326, B  ,9479,B,X,O,3.0,1.0,10.0,2001-05-29 02:25:00,,,,,,Unassociated
344,78096, B  ,9472,B,X,O,4.0,5.0,20.0,2001-05-29 13:10:00,,,,,,Unassociated
345,77572, A  ,9462,H,A,X,1.0,2.0,60.0,2001-05-29 13:10:00,,,,,,Unassociated
346,78328, A  ,9480,A,X,X,1.0,1.0,10.0,2001-05-29 13:10:00,,,,,,Unassociated
347,78064, A  ,9467,A,X,X,1.0,1.0,10.0,2001-05-31 14:48:00,,,,,,Unassociated
348,78322, B  ,9481,D,A,O,3.0,3.0,60.0,2001-06-01 00:15:00,,,,,,Unassociated
349,78310, B  ,9477,B,X,O,2.0,3.0,10.0,2001-06-03 00:25:00,,,,,,Unassociated
350,78343, A  ,9482,A,X,X,1.0,1.0,10.0,2001-06-04 00:50:00,,,,,,Unassociated
351,78372, B  ,9485,C,S,O,2.0,5.0,30.0,2001-06-04 13:56:00,,,,,,Unassociated
352,79778, B  ,9490,B,X,O,7.0,8.0,20.0,2001-06-09 07:03:00,,,,,,Unassociated
353,79832, A  ,9496,A,X,X,1.0,1.0,10.0,2001-06-11 14:00:00,,,,,,Unassociated
354,81841, A  ,9508,A,X,X,1.0,1.0,10.0,2001-06-17 00:50:00,,,,,,Unassociated
355,81838, B  ,9507,D,A,O,3.0,2.0,10.0,2001-06-17 05:55:00,,,,,,Unassociated
356,79822, A  ,9491,H,A,X,2.0,2.0,70.0,2001-06-18 00:45:00,,,,,,Unassociated
357,80519, A  ,9499,A,X,X,1.0,1.0,20.0,2001-06-18 14:40:00,,,,,,Unassociated
358,80552, A  ,9498,A,X,X,4.0,2.0,20.0,2001-06-19 14:00:00,,,,,,Unassociated
359,82459, B  ,9510,B,X,O,2.0,7.0,40.0,2001-06-23 14:25:00,,,,,,Unassociated
360,82463, B  ,9517,C,R,O,4.0,3.0,40.0,2001-06-26 05:04:00,,,,,,Unassociated
361,82737, B  ,9519,B,X,O,5.0,3.0,20.0,2001-06-28 00:55:00,,,,,,Unassociated
362,82767, A  ,9521,H,S,X,1.0,1.0,10.0,2001-06-28 10:42:00,,,,,,Unassociated
363,82713, A  ,9515,H,A,X,1.0,1.0,30.0,2001-07-03 00:35:00,,,,,,Unassociated
364,82766, B  ,9522,B,X,O,4.0,3.0,20.0,2001-07-03 14:44:00,,,,,,Unassociated
365,82831, A  ,9526,H,S,X,1.0,1.0,10.0,2001-07-04 05:30:00,,,,,,Unassociated
366,82676, A  ,9516,H,S,X,1.0,2.0,60.0,2001-07-05 05:43:00,,,,,,Unassociated
367,82794, B  ,9523,B,X,O,2.0,4.0,10.0,2001-07-05 12:26:00,,,,,,Unassociated
368,82885, A  ,9528,A,X,X,1.0,1.0,10.0,2001-07-06 15:32:00,,,,,,Unassociated
369,82818, B  ,9525,B,X,O,2.0,3.0,20.0,2001-07-07 14:04:00,,,,,,Unassociated
370,82941, A  ,9532,A,X,X,1.0,1.0,10.0,2001-07-10 14:35:00,,,,,,Unassociated
371,82870, B  ,9527,B,X,O,4.0,2.0,30.0,2001-07-11 15:00:00,,,,,,Unassociated
372,83224, B  ,9536,C,R,O,3.0,2.0,10.0,2001-07-14 05:11:00,,,,,,Unassociated
373,82932, A  ,9529,H,A,X,1.0,1.0,30.0,2001-07-15 07:00:00,,,,,,Unassociated
374,83209, B  ,9544,B,X,O,5.0,3.0,20.0,2001-07-18 04:50:00,,,,,,Unassociated
375,83154, B  ,9551,B,X,O,3.0,8.0,30.0,2001-07-20 06:20:00,,,,,,Unassociated
376,83268, A  ,9534,A,X,X,2.0,2.0,10.0,2001-07-20 20:15:00,,,,,,Unassociated
377,83801, A  ,9540,A,X,X,2.0,2.0,10.0,2001-07-20 20:15:00,,,,,,Unassociated
378,83862, B  ,9542,B,X,O,5.0,5.0,20.0,2001-07-21 14:40:00,,,,,,Unassociated
379,83201, A  ,9535,H,A,X,1.0,2.0,120.0,2001-07-22 14:45:00,,,,,,Unassociated
380,83840, A  ,9541,H,S,X,1.0,1.0,10.0,2001-07-24 12:15:00,,,,,,Unassociated
381,83315, A  ,9538,H,A,X,1.0,3.0,120.0,2001-07-24 14:25:00,,,,,,Unassociated
382,84541, A  ,9554,A,X,X,1.0,1.0,10.0,2001-07-26 12:41:00,,,,,,Unassociated
383,84531, B  ,9549,B,X,O,2.0,2.0,10.0,2001-07-26 14:30:00,,,,,,Unassociated
384,84534, A  ,9550,A,X,X,1.0,1.0,10.0,2001-07-27 01:00:00,,,,,,Unassociated
385,84513, A  ,9548,H,A,X,1.0,2.0,30.0,2001-07-29 01:30:00,,,,,,Unassociated
386,84564, B  ,9553,B,X,O,3.0,3.0,10.0,2001-07-29 14:39:00,,,,,,Unassociated
387,84573, A  ,9555,A,X,X,2.0,1.0,10.0,2001-07-30 13:26:00,,,,,,Unassociated
388,85886, B  ,9559,B,X,O,2.0,2.0,10.0,2001-07-31 00:20:00,,,,,,Unassociated
389,87049, B  ,9564,C,S,O,2.0,7.0,60.0,2001-08-04 17:45:00,,,,,,Unassociated
390,88051, B  ,9568,B,X,O,2.0,8.0,10.0,2001-08-05 15:45:00,,,,,,Unassociated
391,88272, A  ,9572,H,S,X,1.0,1.0,20.0,2001-08-08 00:20:00,,,,,,Unassociated
392,88321, A  ,9576,A,X,X,1.0,1.0,10.0,2001-08-13 05:45:00,,,,,,Unassociated
393,88454, B  ,9578,C,S,O,4.0,10.0,40.0,2001-08-16 06:22:00,,,,,,Unassociated
394,88270, A  ,9571,A,X,X,1.0,1.0,20.0,2001-08-16 14:48:00,,,,,,Unassociated
395,88462, A  ,9577,H,S,X,1.0,1.0,10.0,2001-08-17 02:00:00,,,,,,Unassociated
396,88313, A  ,9573,H,A,X,1.0,3.0,30.0,2001-08-20 05:48:00,,,,,,Unassociated
397,89094, B  ,9588,B,X,O,2.0,8.0,30.0,2001-08-21 06:14:00,,,,,,Unassociated
398,88789, A  ,9584,A,X,X,1.0,1.0,10.0,2001-08-22 00:20:00,,,,,,Unassociated
399,92132, B  ,9593,C,R,O,4.0,2.0,10.0,2001-08-23 16:22:00,,,,,,Unassociated
400,92130, B  ,9592,C,S,O,2.0,3.0,30.0,2001-08-24 12:20:00,,,,,,Unassociated
401,89109, A  ,9589,A,X,X,1.0,1.0,20.0,2001-08-24 14:30:00,,,,,,Unassociated
402,92140, B  ,9594,B,X,O,2.0,2.0,10.0,2001-08-25 01:49:00,,,,,,Unassociated
403,88528, A  ,9580,H,S,X,1.0,2.0,60.0,2001-08-27 06:25:00,,,,,,Unassociated
404,92203, A  ,9598,H,A,X,1.0,1.0,30.0,2001-08-28 05:45:00,,,,,,Unassociated
405,92199, B  ,9597,B,X,O,4.0,3.0,10.0,2001-08-30 12:15:00,,,,,,Unassociated
406,92136, B  ,9595,C,R,O,3.0,3.0,30.0,2001-08-31 07:46:00,,,,,,Unassociated
407,89157, A  ,9590,A,X,X,1.0,1.0,30.0,2001-09-01 14:30:00,,,,,,Unassociated
408,93934, B  ,9602,C,A,O,3.0,3.0,20.0,2001-09-03 00:10:00,,,,,,Unassociated
409,93963, B  ,9604,D,A,O,2.0,7.0,30.0,2001-09-05 11:45:00,,,,,,Unassociated
410,92186, A  ,9596,H,S,X,1.0,3.0,90.0,2001-09-07 13:40:00,,,,,,Unassociated
411,93929, B  ,9603,B,X,O,4.0,3.0,10.0,2001-09-07 16:00:00,,,,,,Unassociated
412,96035, B  ,9609,B,X,O,2.0,5.0,10.0,2001-09-08 12:19:00,,,,,,Unassociated
413,96026, A  ,9614,A,X,X,3.0,2.0,10.0,2001-09-09 00:12:00,,,,,,Unassociated
414,97166, B  ,9618,B,X,O,4.0,7.0,20.0,2001-09-16 14:59:00,,,,,,Unassociated
415,96405, B  ,9612,C,S,O,2.0,3.0,80.0,2001-09-16 14:59:00,,,,,,Unassociated
416,97152, B  ,9617,B,X,O,5.0,5.0,20.0,2001-09-19 14:50:00,,,,,,Unassociated
417,97649, A  ,9625,A,X,X,1.0,1.0,10.0,2001-09-20 14:50:00,,,,,,Unassociated
418,97209, A  ,9623,A,X,X,1.0,1.0,10.0,2001-09-20 14:50:00,,,,,,Unassociated
419,97194, B  ,9619,B,X,O,3.0,3.0,20.0,2001-09-21 08:50:00,,,,,,Unassociated
420,97728, B  ,9626,B,X,O,3.0,4.0,10.0,2001-09-22 06:18:00,,,,,,Unassociated
421,97677, A  ,9629,A,X,X,1.0,1.0,10.0,2001-09-25 16:00:00,,,,,,Unassociated
422,97713, B  ,9627,B,X,O,2.0,3.0,10.0,2001-09-27 15:00:00,,,,,,Unassociated
423,100704, A  ,9638,A,X,X,1.0,1.0,10.0,2001-09-27 15:00:00,,,,,,Unassociated
424,97637, A  ,9624,H,S,X,1.0,2.0,30.0,2001-09-29 01:05:00,,,,,,Unassociated
425,100692, B  ,9643,B,X,O,3.0,5.0,10.0,2001-10-01 12:22:00,,,,,,Unassociated
426,100756, B  ,9640,B,X,O,5.0,3.0,10.0,2001-10-04 15:12:00,,,,,,Unassociated
427,101074, B  ,9646,B,X,O,3.0,3.0,10.0,2001-10-04 15:12:00,,,,,,Unassociated
428,100731, A  ,9639,A,X,X,1.0,1.0,20.0,2001-10-04 15:12:00,,,,,,Unassociated
429,99770, A  ,9633,H,S,X,1.0,2.0,60.0,2001-10-04 15:12:00,,,,,,Unassociated
430,101203, A  ,9649,A,X,X,1.0,1.0,10.0,2001-10-05 16:56:00,,,,,,Unassociated
431,101193, A  ,9647,A,X,X,1.0,1.0,10.0,2001-10-05 16:56:00,,,,,,Unassociated
432,101481, B  ,9654,B,X,O,3.0,3.0,10.0,2001-10-06 08:01:00,,,,,,Unassociated
433,101390, B  ,9651,C,S,O,2.0,3.0,20.0,2001-10-07 00:05:00,,,,,,Unassociated
434,101398, B  ,9652,C,S,O,3.0,2.0,10.0,2001-10-07 12:22:00,,,,,,Unassociated
435,101517, B  ,9656,B,X,O,2.0,2.0,20.0,2001-10-08 14:24:00,,,,,,Unassociated
436,100949, A  ,9642,A,X,X,1.0,1.0,20.0,2001-10-08 14:24:00,,,,,,Unassociated
437,101512, A  ,9655,H,R,X,2.0,1.0,10.0,2001-10-14 08:17:00,,,,,,Unassociated
438,103588, B  ,9666,B,X,O,2.0,3.0,10.0,2001-10-14 15:00:00,,,,,,Unassociated
439,102583, A  ,9660,A,X,X,1.0,1.0,10.0,2001-10-15 15:05:00,,,,,,Unassociated
440,102622, A  ,9662,H,A,X,1.0,1.0,20.0,2001-10-21 00:15:00,,,,,,Unassociated
441,103586, A  ,9667,H,S,X,1.0,1.0,10.0,2001-10-22 15:45:00,,,,,,Unassociated
442,104963, A  ,9675,A,X,X,1.0,1.0,10.0,2001-10-26 15:17:00,,,,,,Unassociated
443,105022, B  ,9677,B,X,O,3.0,5.0,10.0,2001-10-27 15:32:00,,,,,,Unassociated
444,105680, A  ,9681,H,S,X,2.0,2.0,20.0,2001-10-30 07:45:00,,,,,,Unassociated
445,104912, B  ,9673,C,S,O,4.0,5.0,40.0,2001-10-30 12:35:00,,,,,,Unassociated
446,107173, B  ,9683,B,X,O,4.0,2.0,10.0,2001-10-31 12:44:00,,,,,,Unassociated
447,105661, B  ,9679,C,S,O,2.0,2.0,10.0,2001-11-02 12:16:00,,,,,,Unassociated
448,107699, A  ,9685,H,A,X,1.0,3.0,60.0,2001-11-11 07:48:00,,,,,,Unassociated
449,111221, A  ,9693,H,R,X,1.0,1.0,10.0,2001-11-11 07:48:00,,,,,,Unassociated
450,108790, B  ,9689,C,A,O,3.0,5.0,60.0,2001-11-11 15:55:00,,,,,,Unassociated
451,108766, A  ,9688,A,X,X,1.0,1.0,10.0,2001-11-13 00:55:00,,,,,,Unassociated
452,111562, A  ,9701,A,X,X,1.0,1.0,10.0,2001-11-13 19:11:00,,,,,,Unassociated
453,111558, A  ,9699,A,X,X,1.0,1.0,30.0,2001-11-13 19:11:00,,,,,,Unassociated
454,113734, B  ,9706,C,R,O,3.0,3.0,10.0,2001-11-14 12:58:00,,,,,,Unassociated
455,111566, B  ,9700,B,X,O,2.0,2.0,10.0,2001-11-15 00:15:00,,,,,,Unassociated
456,111325, B  ,9696,B,X,O,5.0,4.0,10.0,2001-11-16 00:15:00,,,,,,Unassociated
457,113737, A  ,9702,A,X,X,3.0,2.0,10.0,2001-11-16 16:40:00,,,,,,Unassociated
458,113762, B  ,9709,B,X,O,3.0,3.0,10.0,2001-11-18 16:30:00,,,,,,Unassociated
459,111163, A  ,9691,H,A,X,1.0,2.0,30.0,2001-11-19 00:20:00,,,,,,Unassociated
460,113753, B  ,9708,B,X,O,6.0,7.0,20.0,2001-11-20 00:10:00,,,,,,Unassociated
461,111261, A  ,9694,H,A,X,1.0,2.0,30.0,2001-11-20 00:10:00,,,,,,Unassociated
462,113733, B  ,9705,B,X,O,4.0,3.0,10.0,2001-11-20 00:10:00,,,,,,Unassociated
463,113798, A  ,9711,H,S,X,1.0,1.0,20.0,2001-11-21 15:10:00,,,,,,Unassociated
464,111305, A  ,9695,H,S,X,1.0,4.0,30.0,2001-11-22 11:33:00,,,,,,Unassociated
465,113848, A  ,9713,A,X,X,1.0,1.0,10.0,2001-11-26 07:33:00,,,,,,Unassociated
466,113794, A  ,9710,H,S,X,1.0,1.0,20.0,2001-11-27 00:10:00,,,,,,Unassociated
467,113836, A  ,9712,A,X,X,1.0,1.0,10.0,2001-12-02 00:10:00,,,,,,Unassociated
468,116564, BG ,9719,D,S,O,6.0,7.0,40.0,2001-12-02 00:10:00,,,,,,Unassociated
469,116659, B  ,9722,C,S,O,3.0,4.0,20.0,2001-12-02 08:40:00,,,,,,Unassociated
470,117770, B  ,9730,C,S,O,2.0,3.0,20.0,2001-12-06 00:20:00,,,,,,Unassociated
471,117777, B  ,9729,C,A,O,2.0,3.0,40.0,2001-12-07 16:09:00,,,,,,Unassociated
472,117794, A  ,9731,A,X,X,1.0,1.0,10.0,2001-12-09 15:40:00,,,,,,Unassociated
473,117765, A  ,9728,H,S,X,1.0,2.0,20.0,2001-12-10 00:15:00,,,,,,Unassociated
474,116688, A  ,9723,H,S,X,1.0,1.0,10.0,2001-12-10 00:15:00,,,,,,Unassociated
475,116775, B  ,9726,B,X,O,3.0,3.0,10.0,2001-12-10 11:57:00,,,,,,Unassociated
476,116653, B  ,9721,D,S,O,2.0,4.0,60.0,2001-12-11 02:45:00,,,,,,Unassociated
477,119028, B  ,9735,B,X,O,2.0,2.0,20.0,2001-12-12 01:35:00,,,,,,Unassociated
478,119177, A  ,9740,H,S,X,1.0,1.0,10.0,2001-12-14 00:14:00,,,,,,Unassociated
479,120043, A  ,9744,H,S,X,5.0,5.0,30.0,2001-12-19 13:00:00,,,,,,Unassociated
480,119057, B  ,9737,C,S,O,5.0,5.0,30.0,2001-12-22 00:15:00,,,,,,Unassociated
481,120080, B  ,9746,B,X,O,2.0,4.0,10.0,2001-12-22 00:15:00,,,,,,Unassociated
482,120703, B  ,9750,D,R,O,2.0,3.0,50.0,2001-12-23 01:05:00,,,,,,Unassociated
483,120105, B  ,9747,B,X,O,2.0,1.0,10.0,2001-12-26 15:10:00,,,,,,Unassociated
484,120073, B  ,9745,B,X,O,2.0,2.0,10.0,2001-12-27 12:54:00,,,,,,Unassociated
485,121406, A  ,9762,H,S,X,1.0,1.0,10.0,2001-12-28 13:00:00,,,,,,Unassociated
486,121403, B  ,9759,B,X,O,4.0,3.0,10.0,2001-12-29 00:20:00,,,,,,Unassociated
487,121353, A  ,9760,A,X,X,2.0,2.0,10.0,2001-12-29 16:00:00,,,,,,Unassociated
488,121400, A  ,9757,A,X,X,1.0,1.0,10.0,2001-12-30 16:00:00,,,,,,Unassociated
489,120753, B  ,9753,C,S,O,7.0,8.0,40.0,2002-01-01 13:51:00,,,,,,Unassociated
490,121346, B  ,9756,B,X,O,2.0,2.0,10.0,2002-01-01 13:51:00,,,,,,Unassociated
491,121324, A  ,9755,H,S,X,1.0,3.0,60.0,2002-01-05 12:53:00,,,,,,Unassociated
492,122330, A  ,9769,H,S,X,1.0,2.0,60.0,2002-01-06 00:30:00,,,,,,Unassociated
493,121391, A  ,9761,A,X,X,1.0,1.0,10.0,2002-01-07 00:07:00,,,,,,Unassociated
494,121442, A  ,9763,A,X,X,1.0,1.0,10.0,2002-01-07 00:07:00,,,,,,Unassociated
495,122317, B  ,9771,B,X,O,6.0,7.0,10.0,2002-01-07 00:07:00,,,,,,Unassociated
496,121561, B  ,9766,B,X,O,2.0,4.0,10.0,2002-01-07 07:42:00,,,,,,Unassociated
497,121546, A  ,9765,H,S,X,1.0,2.0,30.0,2002-01-09 12:34:00,,,,,,Unassociated
498,124840, A  ,9780,H,S,X,1.0,1.0,30.0,2002-01-12 00:20:00,,,,,,Unassociated
499,124681, A  ,9777,A,X,X,1.0,1.0,10.0,2002-01-12 15:32:00,,,,,,Unassociated
500,124677, B  ,9776,C,S,O,2.0,2.0,10.0,2002-01-15 00:35:00,,,,,,Unassociated
501,122387, A  ,9772,H,S,X,1.0,1.0,30.0,2002-01-15 12:41:00,,,,,,Unassociated
502,125224, A  ,9786,H,A,X,1.0,2.0,60.0,2002-01-23 00:10:00,,,,,,Unassociated
503,124887, A  ,9781,H,A,X,1.0,2.0,30.0,2002-01-23 00:10:00,,,,,,Unassociated
504,125980, A  ,9792,A,X,X,2.0,1.0,20.0,2002-01-25 02:25:00,,,,,,Unassociated
505,125157, B  ,9784,B,X,O,2.0,1.0,50.0,2002-01-25 02:25:00,,,,,,Unassociated
506,125987, A  ,9795,H,A,X,1.0,1.0,30.0,2002-01-25 02:25:00,,,,,,Unassociated
507,125978, B  ,9796,C,A,O,3.0,4.0,30.0,2002-01-25 02:25:00,,,,,,Unassociated
508,125796, B  ,9790,C,S,O,3.0,3.0,30.0,2002-01-26 12:33:00,,,,,,Unassociated
509,126858, B  ,9803,C,S,O,2.0,6.0,30.0,2002-01-30 15:20:00,,,,,,Unassociated
510,126872, B  ,9804,C,A,O,3.0,6.0,30.0,2002-02-01 01:04:00,,,,,,Unassociated
511,126033, A  ,9799,A,X,X,1.0,1.0,20.0,2002-02-01 15:30:00,,,,,,Unassociated
512,127454, B  ,9813,B,X,O,2.0,3.0,20.0,2002-02-04 00:42:00,,,,,,Unassociated
513,127467, B  ,9817,B,X,O,2.0,3.0,20.0,2002-02-05 16:20:00,,,,,,Unassociated
514,127428, A  ,9812,A,X,X,1.0,1.0,10.0,2002-02-05 16:20:00,,,,,,Unassociated
515,126867, A  ,9805,H,S,X,1.0,1.0,10.0,2002-02-08 00:15:00,,,,,,Unassociated
516,126907, A  ,9806,H,S,X,2.0,5.0,30.0,2002-02-08 15:15:00,,,,,,Unassociated
517,127464, A  ,9814,H,R,X,1.0,1.0,10.0,2002-02-09 00:45:00,,,,,,Unassociated
518,127510, B  ,9820,B,X,O,3.0,3.0,10.0,2002-02-09 18:27:00,,,,,,Unassociated
519,127502, A  ,9818,A,X,X,3.0,2.0,10.0,2002-02-09 18:27:00,,,,,,Unassociated
520,127203, A  ,9810,H,S,X,1.0,2.0,60.0,2002-02-14 00:20:00,,,,,,Unassociated
521,129185, A  ,9823,H,S,X,1.0,1.0,20.0,2002-02-15 15:42:00,,,,,,Unassociated
522,127497, B  ,9819,B,X,O,2.0,2.0,50.0,2002-02-17 00:26:00,,,,,,Unassociated
523,129217, A  ,9831,A,X,X,1.0,1.0,10.0,2002-02-17 19:10:00,,,,,,Unassociated
524,129209, A  ,9828,A,X,X,2.0,1.0,40.0,2002-02-20 07:40:00,,,,,,Unassociated
525,130250, B  ,9832,C,S,O,2.0,2.0,30.0,2002-02-21 00:28:00,,,,,,Unassociated
526,129162, A  ,9824,H,S,X,1.0,3.0,30.0,2002-02-21 08:03:00,,,,,,Unassociated
527,130254, A  ,9834,A,X,X,1.0,1.0,10.0,2002-02-21 17:15:00,,,,,,Unassociated
528,130246, B  ,9835,D,A,O,2.0,3.0,90.0,2002-02-22 14:50:00,,,,,,Unassociated
529,130473, B  ,9838,C,S,O,3.0,4.0,10.0,2002-02-23 15:45:00,,,,,,Unassociated
530,130988, B  ,9849,C,R,O,3.0,6.0,40.0,2002-02-26 07:55:00,,,,,,Unassociated
531,130463, B  ,9842,D,A,O,4.0,8.0,90.0,2002-03-01 04:00:00,,,,,,Unassociated
532,130996, A  ,9850,A,X,X,2.0,2.0,10.0,2002-03-01 04:00:00,,,,,,Unassociated
533,131158, B  ,9854,C,R,O,5.0,3.0,30.0,2002-03-04 00:15:00,,,,,,Unassociated
534,130487, B  ,9840,C,A,O,5.0,5.0,60.0,2002-03-04 00:15:00,,,,,,Unassociated
535,131162, A  ,9855,A,X,X,2.0,2.0,10.0,2002-03-04 11:52:00,,,,,,Unassociated
536,130557, A  ,9843,A,X,X,1.0,1.0,20.0,2002-03-05 14:45:00,,,,,,Unassociated
537,131223, B  ,9857,D,S,O,2.0,6.0,50.0,2002-03-06 00:15:00,,,,,,Unassociated
538,131241, A  ,9852,A,X,X,3.0,2.0,10.0,2002-03-06 14:50:00,,,,,,Unassociated
539,131217, A  ,9858,A,X,X,1.0,1.0,10.0,2002-03-06 14:50:00,,,,,,Unassociated
540,131248, B  ,9862,C,S,O,2.0,2.0,30.0,2002-03-08 12:45:00,,,,,,Unassociated
541,131209, A  ,9863,A,X,X,1.0,1.0,10.0,2002-03-08 12:45:00,,,,,,Unassociated
542,131093, B  ,9853,C,R,O,2.0,3.0,20.0,2002-03-10 00:15:00,,,,,,Unassociated
543,131436, B  ,9865,D,S,O,5.0,7.0,40.0,2002-03-12 00:22:00,,,,,,Unassociated
544,132306, A  ,9867,A,X,X,1.0,1.0,10.0,2002-03-12 15:00:00,,,,,,Unassociated
545,131238, A  ,9861,H,A,X,1.0,1.0,20.0,2002-03-14 15:45:00,,,,,,Unassociated
546,131231, B  ,9860,C,S,O,5.0,2.0,20.0,2002-03-15 12:46:00,,,,,,Unassociated
547,132462, B  ,9869,C,R,O,3.0,4.0,20.0,2002-03-15 13:00:00,,,,,,Unassociated
548,131204, A  ,9856,A,X,X,1.0,1.0,20.0,2002-03-15 14:57:00,,,,,,Unassociated
549,132455, B  ,9868,C,S,O,4.0,3.0,10.0,2002-03-16 12:21:00,,,,,,Unassociated
550,133007, B  ,9872,D,S,O,2.0,7.0,20.0,2002-03-19 00:40:00,,,,,,Unassociated
551,133021, A  ,9874,A,X,X,3.0,2.0,10.0,2002-03-21 06:32:00,,,,,,Unassociated
552,133313, B  ,9877,D,S,O,7.0,9.0,150.0,2002-03-23 12:18:00,,,,,,Unassociated
553,133052, B  ,9879,D,A,O,5.0,9.0,60.0,2002-03-24 00:25:00,,,,,,Unassociated
554,133655, A  ,9883,A,X,X,2.0,3.0,10.0,2002-04-02 07:10:00,,,,,,Unassociated
555,134797, A  ,9889,H,A,X,1.0,1.0,10.0,2002-04-02 12:52:00,,,,,,Unassociated
556,134800, B  ,9891,B,X,O,2.0,4.0,10.0,2002-04-03 18:20:00,,,,,,Unassociated
557,135703, A  ,9894,H,A,X,1.0,1.0,20.0,2002-04-06 15:10:00,,,,,,Unassociated
558,135710, A  ,9895,A,X,X,3.0,2.0,10.0,2002-04-06 15:10:00,,,,,,Unassociated
559,134814, B  ,9892,C,R,O,2.0,2.0,10.0,2002-04-08 07:34:00,,,,,,Unassociated
560,135821, A  ,9897,A,X,X,1.0,1.0,10.0,2002-04-11 00:50:00,,,,,,Unassociated
561,137617, A  ,9908,A,X,X,1.0,1.0,10.0,2002-04-15 13:56:00,,,,,,Unassociated
562,136646, A  ,9903,A,X,X,2.0,2.0,10.0,2002-04-16 14:05:00,,,,,,Unassociated
563,135753, A  ,9896,A,X,X,1.0,1.0,10.0,2002-04-17 14:25:00,,,,,,Unassociated
564,136623, A  ,9902,H,S,X,1.0,2.0,30.0,2002-04-19 12:30:00,,,,,,Unassociated
565,137701, B  ,9911,B,X,O,5.0,6.0,10.0,2002-04-20 17:00:00,,,,,,Unassociated
566,137691, A  ,9910,H,S,X,2.0,2.0,40.0,2002-04-25 01:00:00,,,,,,Unassociated
567,137656, A  ,9909,H,S,X,1.0,1.0,20.0,2002-04-25 01:00:00,,,,,,Unassociated
568,138468, B  ,9920,C,R,O,2.0,2.0,10.0,2002-04-27 00:28:00,,,,,,Unassociated
569,138504, A  ,9925,H,S,X,1.0,1.0,10.0,2002-04-27 14:23:00,,,,,,Unassociated
570,138460, A  ,9923,A,X,X,1.0,1.0,10.0,2002-04-27 14:23:00,,,,,,Unassociated
571,138479, A  ,9922,A,X,X,3.0,2.0,20.0,2002-05-01 15:10:00,,,,,,Unassociated
572,138688, B  ,9930,C,R,O,2.0,5.0,20.0,2002-05-03 14:20:00,,,,,,Unassociated
573,138582, A  ,9927,A,X,X,3.0,2.0,10.0,2002-05-05 13:46:00,,,,,,Unassociated
574,138678, A  ,9929,H,A,X,1.0,11.0,90.0,2002-05-07 15:44:00,,,,,,Unassociated
575,140053, B  ,9942,B,X,O,2.0,2.0,10.0,2002-05-08 01:25:00,,,,,,Unassociated
576,139578, A  ,9936,A,X,X,1.0,1.0,10.0,2002-05-08 01:25:00,,,,,,Unassociated
577,138659, A  ,9931,H,A,X,1.0,2.0,60.0,2002-05-09 01:30:00,,,,,,Unassociated
578,140145, B  ,9944,B,X,O,3.0,8.0,10.0,2002-05-09 13:50:00,,,,,,Unassociated
579,139948, B  ,9939,C,S,O,17.0,8.0,60.0,2002-05-10 01:17:00,,,,,,Unassociated
580,139998, A  ,9941,H,S,X,1.0,1.0,10.0,2002-05-10 14:00:00,,,,,,Unassociated
581,139933, A  ,9938,H,S,X,1.0,1.0,10.0,2002-05-11 13:20:00,,,,,,Unassociated
582,140061, A  ,9947,A,X,X,1.0,1.0,20.0,2002-05-11 15:05:00,,,,,,Unassociated
583,138727, A  ,9933,H,S,X,1.0,2.0,40.0,2002-05-13 00:35:00,,,,,,Unassociated
584,140383, B  ,9949,B,X,O,2.0,5.0,20.0,2002-05-14 13:35:00,,,,,,Unassociated
585,140422, B  ,9953,B,X,O,6.0,5.0,60.0,2002-05-16 14:10:00,,,,,,Unassociated
586,140436, B  ,9951,B,X,O,3.0,3.0,10.0,2002-05-18 15:30:00,,,,,,Unassociated
587,140415, A  ,9950,A,X,X,1.0,1.0,30.0,2002-05-20 14:41:00,,,,,,Unassociated
588,142312, B  ,9968,B,X,O,2.0,3.0,10.0,2002-05-25 13:45:00,,,,,,Unassociated
589,141284, A  ,9958,H,S,X,1.0,1.0,30.0,2002-05-27 13:45:00,,,,,,Unassociated
590,142233, B  ,9964,B,X,O,3.0,3.0,20.0,2002-05-27 13:45:00,,,,,,Unassociated
591,142285, A  ,9966,H,S,X,1.0,1.0,10.0,2002-05-29 06:30:00,,,,,,Unassociated
592,141905, A  ,9962,A,X,X,1.0,1.0,10.0,2002-05-29 15:00:00,,,,,,Unassociated
593,142307, B  ,9967,D,S,O,5.0,4.0,20.0,2002-05-31 13:44:00,,,,,,Unassociated
594,142271, A  ,9965,H,S,X,1.0,1.0,60.0,2002-06-01 14:09:00,,,,,,Unassociated
595,143134, B  ,9976,B,X,O,2.0,3.0,10.0,2002-06-01 14:09:00,,,,,,Unassociated
596,142366, B  ,9970,D,S,O,2.0,7.0,40.0,2002-06-05 00:45:00,,,,,,Unassociated
597,143340, A  ,9980,H,S,X,1.0,1.0,10.0,2002-06-05 00:45:00,,,,,,Unassociated
598,143398, A  ,9984,A,X,X,2.0,2.0,10.0,2002-06-05 13:24:00,,,,,,Unassociated
599,143597, A  ,9989,A,X,X,1.0,1.0,10.0,2002-06-08 13:22:00,,,,,,Unassociated
600,143383, A  ,9983,A,X,X,1.0,1.0,10.0,2002-06-08 13:22:00,,,,,,Unassociated
601,143395, B  ,9982,C,S,O,3.0,2.0,20.0,2002-06-10 00:20:00,,,,,,Unassociated
602,143607, A  ,9990,A,X,X,1.0,1.0,10.0,2002-06-10 14:20:00,,,,,,Unassociated
603,143803, A  ,9994,H,S,X,2.0,1.0,20.0,2002-06-11 00:25:00,,,,,,Unassociated
604,143366, A  ,9981,A,X,X,1.0,1.0,10.0,2002-06-11 00:25:00,,,,,,Unassociated
605,143816, A  ,9996,H,R,X,1.0,1.0,10.0,2002-06-13 05:45:00,,,,,,Unassociated
606,143429, A  ,9985,H,S,X,1.0,3.0,30.0,2002-06-13 05:45:00,,,,,,Unassociated
607,143811, A  ,9995,A,X,X,1.0,1.0,10.0,2002-06-13 05:45:00,,,,,,Unassociated
608,143796, A  ,9993,H,R,X,1.0,1.0,10.0,2002-06-13 13:05:00,,,,,,Unassociated
609,143446, B  ,9986,C,S,O,4.0,4.0,20.0,2002-06-14 11:25:00,,,,,,Unassociated
610,143870, A  ,9999,H,S,X,1.0,1.0,40.0,2002-06-16 00:33:00,,,,,,Unassociated
611,143864, B  ,9998,C,S,O,4.0,3.0,10.0,2002-06-20 00:15:00,,,,,,Unassociated
612,144062, A  ,10007,H,S,X,1.0,1.0,160.0,2002-06-20 16:21:00,,,,,,Unassociated
613,143953, B  ,10003,B,X,O,3.0,1.0,10.0,2002-06-21 00:23:00,,,,,,Unassociated
614,144132, B  ,10009,B,X,O,2.0,2.0,10.0,2002-06-21 12:56:00,,,,,,Unassociated
615,143944, B  ,10004,B,X,O,3.0,2.0,10.0,2002-06-21 12:56:00,,,,,,Unassociated
616,144072, A  ,10006,A,X,X,2.0,1.0,10.0,2002-06-21 13:38:00,,,,,,Unassociated
617,144183, A  ,10014,A,X,X,1.0,1.0,10.0,2002-06-24 00:25:00,,,,,,Unassociated
618,144128, B  ,10010,C,S,O,4.0,4.0,20.0,2002-06-24 00:25:00,,,,,,Unassociated
619,144179, B  ,10013,B,X,O,2.0,4.0,10.0,2002-06-25 08:00:00,,,,,,Unassociated
620,143919, A  ,10001,H,S,X,1.0,2.0,90.0,2002-06-26 15:37:00,,,,,,Unassociated
621,144204, B  ,10015,D,A,O,5.0,7.0,30.0,2002-06-28 00:08:00,,,,,,Unassociated
622,144189, B  ,10012,C,S,O,3.0,4.0,30.0,2002-06-30 14:58:00,,,,,,Unassociated
623,144974, B  ,10018,D,A,O,2.0,5.0,90.0,2002-07-01 11:51:00,,,,,,Unassociated
624,144172, B  ,10011,C,S,O,2.0,6.0,50.0,2002-07-03 12:23:00,,,,,,Unassociated
625,145449, A  ,10020,A,X,X,1.0,1.0,10.0,2002-07-03 21:43:00,,,,,,Unassociated
626,145695, A  ,10026,H,R,X,9.0,1.0,20.0,2002-07-06 05:35:00,,,,,,Unassociated
627,144249, A  ,10016,H,S,X,1.0,1.0,20.0,2002-07-07 07:36:00,,,,,,Unassociated
628,145470, A  ,10022,A,X,X,3.0,2.0,10.0,2002-07-08 06:20:00,,,,,,Unassociated
629,145698, B  ,10027,C,S,O,2.0,3.0,10.0,2002-07-09 12:44:00,,,,,,Unassociated
630,145493, A  ,10023,H,R,X,1.0,1.0,10.0,2002-07-10 06:15:00,,,,,,Unassociated
631,145607, B  ,10024,B,X,O,3.0,5.0,20.0,2002-07-10 14:47:00,,,,,,Unassociated
632,148094, A  ,10032,A,X,X,3.0,2.0,10.0,2002-07-13 15:15:00,,,,,,Unassociated
633,145744, B  ,10029,B,X,O,2.0,3.0,20.0,2002-07-17 01:44:00,,,,,,Unassociated
634,145717, A  ,10028,H,A,X,1.0,2.0,120.0,2002-07-17 13:20:00,,,,,,Unassociated
635,148121, A  ,10033,A,X,X,2.0,2.0,10.0,2002-07-18 05:22:00,,,,,,Unassociated
636,148112, B  ,10034,B,X,O,2.0,3.0,10.0,2002-07-18 20:10:00,,,,,,Unassociated
637,148102, B  ,10031,B,X,O,2.0,4.0,20.0,2002-07-19 12:32:00,,,,,,Unassociated
638,150017, B  ,10041,B,X,O,4.0,3.0,10.0,2002-07-25 01:30:00,,,,,,Unassociated
639,150933, A  ,10046,A,X,X,1.0,1.0,10.0,2002-07-25 14:00:00,,,,,,Unassociated
640,150956, B  ,10049,D,A,O,10.0,5.0,30.0,2002-07-27 01:50:00,,,,,,Unassociated
641,150938, B  ,10047,C,A,O,7.0,4.0,30.0,2002-07-27 01:50:00,,,,,,Unassociated
642,151402, B  ,10053,C,R,O,3.0,2.0,30.0,2002-07-29 01:30:00,,,,,,Unassociated
643,150928, A  ,10045,A,X,X,2.0,1.0,10.0,2002-07-29 16:20:00,,,,,,Unassociated
644,151399, B  ,10052,C,S,O,2.0,1.0,20.0,2002-07-30 02:50:00,,,,,,Unassociated
645,150011, A  ,10042,A,X,X,1.0,1.0,10.0,2002-07-30 06:30:00,,,,,,Unassociated
646,151458, B  ,10056,B,X,O,3.0,4.0,10.0,2002-08-02 05:40:00,,,,,,Unassociated
647,151421, A  ,10054,A,X,X,2.0,2.0,10.0,2002-08-05 13:39:00,,,,,,Unassociated
648,152024, B  ,10060,B,X,O,2.0,8.0,20.0,2002-08-05 13:39:00,,,,,,Unassociated
649,151394, A  ,10051,H,S,X,1.0,1.0,30.0,2002-08-08 07:00:00,,,,,,Unassociated
650,152551, B  ,10064,A,H,O,3.0,3.0,20.0,2002-08-09 00:20:00,,,,,,Unassociated
651,152014, B  ,10059,B,X,O,3.0,3.0,20.0,2002-08-10 12:45:00,,,,,,Unassociated
652,152564, A  ,10070,A,X,X,2.0,2.0,10.0,2002-08-12 14:00:00,,,,,,Unassociated
653,156317, A  ,10071,A,X,X,1.0,1.0,10.0,2002-08-13 15:00:00,,,,,,Unassociated
654,156417, A  ,10077,H,S,X,1.0,1.0,20.0,2002-08-13 15:00:00,,,,,,Unassociated
655,152559, A  ,10065,A,X,X,1.0,1.0,10.0,2002-08-14 15:25:00,,,,,,Unassociated
656,156330, B  ,10075,B,X,O,4.0,4.0,10.0,2002-08-15 18:00:00,,,,,,Unassociated
657,152545, B  ,10072,D,S,O,2.0,5.0,80.0,2002-08-16 08:00:00,,,,,,Unassociated
658,152790, B  ,10068,B,X,O,2.0,3.0,30.0,2002-08-19 12:17:00,,,,,,Unassociated
659,156900, A  ,10082,H,R,X,1.0,1.0,10.0,2002-08-20 10:00:00,,,,,,Unassociated
660,156356, A  ,10076,H,S,X,1.0,1.0,10.0,2002-08-21 00:17:00,,,,,,Unassociated
661,158035, B  ,10086,B,X,O,6.0,6.0,10.0,2002-08-24 13:17:00,,,,,,Unassociated
662,158294, A  ,10089,A,X,X,1.0,1.0,10.0,2002-08-25 13:37:00,,,,,,Unassociated
663,158291, A  ,10088,H,A,X,1.0,2.0,60.0,2002-08-27 14:40:00,,,,,,Unassociated
664,157538, A  ,10084,H,S,X,1.0,1.0,30.0,2002-08-29 12:20:00,,,,,,Unassociated
665,158337, A  ,10090,H,S,X,1.0,1.0,30.0,2002-09-04 15:23:00,,,,,,Unassociated
666,159244, A  ,10098,A,X,X,2.0,2.0,10.0,2002-09-05 14:21:00,,,,,,Unassociated
667,159234, A  ,10099,A,X,X,6.0,3.0,20.0,2002-09-07 14:22:00,,,,,,Unassociated
668,160549, B  ,10106,B,X,O,3.0,3.0,20.0,2002-09-09 15:30:00,,,,,,Unassociated
669,159465, B  ,10104,B,X,O,4.0,2.0,20.0,2002-09-10 00:13:00,,,,,,Unassociated
670,159303, B  ,10101,B,X,O,3.0,3.0,10.0,2002-09-11 01:38:00,,,,,,Unassociated
671,161006, B  ,10108,B,X,O,2.0,3.0,10.0,2002-09-11 12:40:00,,,,,,Unassociated
672,159279, B  ,10100,C,A,O,3.0,3.0,30.0,2002-09-12 00:20:00,,,,,,Unassociated
673,161058, B  ,10111,D,S,O,6.0,5.0,20.0,2002-09-14 12:40:00,,,,,,Unassociated
674,161024, B  ,10109,B,X,O,2.0,2.0,10.0,2002-09-14 15:45:00,,,,,,Unassociated
675,162035, B  ,10118,B,X,O,4.0,2.0,10.0,2002-09-17 00:05:00,,,,,,Unassociated
676,162154, B  ,10124,C,S,O,2.0,2.0,10.0,2002-09-19 01:51:00,,,,,,Unassociated
677,161404, B  ,10116,C,S,O,2.0,5.0,50.0,2002-09-21 15:05:00,,,,,,Unassociated
678,162355, B  ,10131,B,X,O,4.0,4.0,10.0,2002-09-25 00:20:00,,,,,,Unassociated
679,162474, B  ,10133,C,S,O,3.0,8.0,10.0,2002-09-26 15:59:00,,,,,,Unassociated
680,161379, A  ,10117,H,S,X,1.0,2.0,120.0,2002-09-27 00:50:00,,,,,,Unassociated
681,162120, B  ,10122,C,A,O,3.0,3.0,60.0,2002-09-28 01:20:00,,,,,,Unassociated
682,162311, B  ,10128,C,S,O,2.0,5.0,300.0,2002-09-28 14:00:00,,,,,,Unassociated
683,163745, B  ,10135,B,X,O,2.0,3.0,20.0,2002-09-30 00:20:00,,,,,,Unassociated
684,162462, B  ,10129,B,X,O,2.0,2.0,20.0,2002-09-30 00:20:00,,,,,,Unassociated
685,164630, B  ,10136,B,X,O,3.0,3.0,10.0,2002-10-01 13:05:00,,,,,,Unassociated
686,163736, A  ,10138,H,S,X,3.0,2.0,20.0,2002-10-05 01:20:00,,,,,,Unassociated
687,165848, B  ,10141,D,A,O,4.0,3.0,20.0,2002-10-09 08:39:00,,,,,,Unassociated
688,166368, B  ,10147,B,X,O,2.0,3.0,20.0,2002-10-10 00:50:00,,,,,,Unassociated
689,166405, B  ,10152,D,R,O,2.0,6.0,10.0,2002-10-11 00:45:00,,,,,,Unassociated
690,165868, B  ,10142,B,X,O,4.0,5.0,10.0,2002-10-11 00:45:00,,,,,,Unassociated
691,165970, B  ,10146,B,X,O,2.0,2.0,20.0,2002-10-12 06:10:00,,,,,,Unassociated
692,166591, A  ,10156,H,R,X,1.0,1.0,10.0,2002-10-12 06:10:00,,,,,,Unassociated
693,165875, B  ,10155,B,X,O,4.0,3.0,10.0,2002-10-12 12:07:00,,,,,,Unassociated
694,165910, A  ,10144,H,S,X,1.0,2.0,30.0,2002-10-17 00:15:00,,,,,,Unassociated
695,166359, A  ,10151,A,X,X,1.0,1.0,10.0,2002-10-18 00:15:00,,,,,,Unassociated
696,167299, B  ,10161,B,X,O,2.0,2.0,10.0,2002-10-18 00:15:00,,,,,,Unassociated
697,166602, B  ,10157,B,X,O,2.0,3.0,10.0,2002-10-18 18:10:00,,,,,,Unassociated
698,166402, A  ,10148,A,X,X,1.0,1.0,10.0,2002-10-19 15:10:00,,,,,,Unassociated
699,170329, A  ,10168,H,S,X,1.0,1.0,20.0,2002-10-25 12:58:00,,,,,,Unassociated
700,170386, B  ,10164,C,R,O,4.0,2.0,10.0,2002-10-28 00:57:00,,,,,,Unassociated
701,170461, B  ,10170,C,S,O,4.0,3.0,10.0,2002-10-30 00:30:00,,,,,,Unassociated
702,170505, B  ,10172,C,R,X,4.0,3.0,30.0,2002-10-30 14:50:00,,,,,,Unassociated
703,170450, B  ,10169,D,S,O,3.0,4.0,30.0,2002-10-31 02:20:00,,,,,,Unassociated
704,170489, A  ,10171,H,S,X,1.0,1.0,10.0,2002-11-02 12:36:00,,,,,,Unassociated
705,170539, B  ,10174,B,X,O,4.0,3.0,20.0,2002-11-03 00:22:00,,,,,,Unassociated
706,170426, A  ,10167,A,X,X,1.0,1.0,10.0,2002-11-03 14:50:00,,,,,,Unassociated
707,173039, B  ,10183,B,X,O,2.0,1.0,20.0,2002-11-04 01:00:00,,,,,,Unassociated
708,173030, B  ,10181,D,A,O,9.0,6.0,180.0,2002-11-05 08:28:00,,,,,,Unassociated
709,171512, A  ,10178,H,S,X,1.0,3.0,60.0,2002-11-05 11:50:00,,,,,,Unassociated
710,171527, A  ,10179,A,X,X,2.0,1.0,10.0,2002-11-07 12:10:00,,,,,,Unassociated
711,173035, A  ,10184,A,X,X,3.0,2.0,10.0,2002-11-08 00:15:00,,,,,,Unassociated
712,173095, B  ,10186,B,X,O,4.0,4.0,10.0,2002-11-08 00:15:00,,,,,,Unassociated
713,170818, A  ,10176,H,S,X,1.0,2.0,100.0,2002-11-11 00:21:00,,,,,,Unassociated
714,173116, B  ,10189,C,A,O,5.0,3.0,20.0,2002-11-13 00:10:00,,,,,,Unassociated
715,173906, B  ,10193,B,X,O,2.0,3.0,10.0,2002-11-13 15:50:00,,,,,,Unassociated
716,173213, B  ,10190,B,X,O,2.0,6.0,20.0,2002-11-15 00:30:00,,,,,,Unassociated
717,174143, A  ,10196,A,X,X,1.0,1.0,10.0,2002-11-15 14:54:00,,,,,,Unassociated
718,173920, A  ,10194,H,S,X,1.0,1.0,50.0,2002-11-21 16:40:00,,,,,,Unassociated
719,176163, B  ,10201,B,X,O,4.0,3.0,10.0,2002-11-25 12:22:00,,,,,,Unassociated
720,176121, B  ,10199,B,X,O,2.0,2.0,10.0,2002-11-26 12:42:00,,,,,,Unassociated
721,176152, A  ,10200,H,S,X,1.0,1.0,20.0,2002-11-28 14:55:00,,,,,,Unassociated
722,176401, A  ,10206,A,X,X,1.0,1.0,10.0,2002-11-30 12:20:00,,,,,,Unassociated
723,176612, A  ,10210,H,A,X,1.0,2.0,60.0,2002-12-01 12:20:00,,,,,,Unassociated
724,176185, B  ,10202,B,X,O,4.0,4.0,20.0,2002-12-02 12:25:00,,,,,,Unassociated
725,176398, A  ,10204,A,X,X,1.0,1.0,10.0,2002-12-02 14:57:00,,,,,,Unassociated
726,176196, B  ,10203,B,X,O,3.0,3.0,10.0,2002-12-04 00:05:00,,,,,,Unassociated
727,176228, B  ,10205,C,A,O,2.0,4.0,120.0,2002-12-09 15:50:00,,,,,,Unassociated
728,176681, B  ,10216,D,S,O,2.0,8.0,20.0,2002-12-10 00:15:00,,,,,,Unassociated
729,176639, B  ,10212,C,S,O,4.0,6.0,20.0,2002-12-11 15:43:00,,,,,,Unassociated
730,176734, A  ,10219,A,X,X,1.0,1.0,10.0,2002-12-11 15:43:00,,,,,,Unassociated
731,176726, B  ,10215,C,S,O,2.0,3.0,10.0,2002-12-12 15:16:00,,,,,,Unassociated
732,176742, A  ,10217,H,S,X,1.0,1.0,20.0,2002-12-12 15:16:00,,,,,,Unassociated
733,176959, B  ,10222,C,S,O,4.0,3.0,50.0,2002-12-14 12:40:00,,,,,,Unassociated
734,176951, A  ,10221,A,X,X,6.0,2.0,10.0,2002-12-14 15:45:00,,,,,,Unassociated
735,176771, A  ,10218,A,X,X,1.0,1.0,20.0,2002-12-18 12:37:00,,,,,,Unassociated
736,178618, B  ,10228,B,X,O,2.0,3.0,10.0,2002-12-20 13:06:00,,,,,,Unassociated
737,179075, B  ,10232,B,X,O,2.0,6.0,10.0,2002-12-22 12:00:00,,,,,,Unassociated
738,179082, B  ,10233,C,R,O,2.0,2.0,10.0,2002-12-29 00:18:00,,,,,,Unassociated
739,179140, A  ,10236,H,S,X,1.0,1.0,10.0,2002-12-29 15:06:00,,,,,,Unassociated
740,179132, B  ,10235,C,S,O,2.0,2.0,20.0,2002-12-30 01:20:00,,,,,,Unassociated
741,179364, B  ,10241,D,R,O,3.0,6.0,30.0,2003-01-04 00:18:00,,,,,,Unassociated
742,180257, B  ,10246,D,R,O,3.0,4.0,20.0,2003-01-07 00:10:00,,,,,,Unassociated
743,179190, B  ,10240,C,S,O,3.0,3.0,30.0,2003-01-07 16:52:00,,,,,,Unassociated
744,179173, A  ,10239,H,A,X,2.0,4.0,60.0,2003-01-07 16:52:00,,,,,,Unassociated
745,180605, B  ,10248,C,S,O,2.0,3.0,10.0,2003-01-09 12:41:00,,,,,,Unassociated
746,180613, A  ,10252,A,X,X,2.0,2.0,10.0,2003-01-12 00:20:00,,,,,,Unassociated
747,180669, B  ,10253,C,R,O,5.0,6.0,20.0,2003-01-13 00:20:00,,,,,,Unassociated
748,180233, B  ,10245,B,X,O,2.0,1.0,10.0,2003-01-14 12:28:00,,,,,,Unassociated
749,180254, A  ,10249,A,X,X,2.0,1.0,30.0,2003-01-15 08:23:00,,,,,,Unassociated
750,180698, B  ,10256,B,X,O,4.0,3.0,10.0,2003-01-20 01:47:00,,,,,,Unassociated
751,180792, B  ,10257,D,A,O,2.0,2.0,80.0,2003-01-21 00:03:00,,,,,,Unassociated
752,181024, B  ,10261,D,A,O,3.0,4.0,40.0,2003-01-21 00:03:00,,,,,,Unassociated
753,181030, A  ,10262,A,X,X,1.0,1.0,10.0,2003-01-21 12:35:00,,,,,,Unassociated
754,180824, B  ,10259,B,X,O,3.0,2.0,10.0,2003-01-22 13:06:00,,,,,,Unassociated
755,181606, A  ,10270,H,S,X,1.0,1.0,30.0,2003-01-30 12:36:00,,,,,,Unassociated
756,181624, A  ,10271,H,A,X,2.0,2.0,60.0,2003-01-31 00:26:00,,,,,,Unassociated
757,181743, A  ,10275,A,X,X,3.0,3.0,10.0,2003-02-01 16:30:00,,,,,,Unassociated
758,181564, A  ,10269,H,S,X,1.0,1.0,30.0,2003-02-02 07:14:00,,,,,,Unassociated
759,181593, A  ,10272,H,R,X,1.0,1.0,30.0,2003-02-03 07:05:00,,,,,,Unassociated
760,182859, B  ,10279,B,X,O,3.0,2.0,10.0,2003-02-08 12:21:00,,,,,,Unassociated
761,183214, B  ,10286,C,S,O,5.0,3.0,10.0,2003-02-09 12:02:00,,,,,,Unassociated
762,183147, B  ,10283,C,R,O,5.0,5.0,20.0,2003-02-15 00:15:00,,,,,,Unassociated
763,183124, A  ,10281,H,S,X,3.0,3.0,10.0,2003-02-15 00:15:00,,,,,,Unassociated
764,183218, A  ,10287,H,A,X,4.0,2.0,30.0,2003-02-15 12:55:00,,,,,,Unassociated
765,183213, B  ,10285,C,S,O,4.0,3.0,10.0,2003-02-16 13:08:00,,,,,,Unassociated
766,183654, B  ,10291,C,S,O,3.0,4.0,10.0,2003-02-22 12:40:00,,,,,,Unassociated
767,184190, B  ,10298,D,A,O,7.0,9.0,30.0,2003-03-05 02:10:00,,,,,,Unassociated
768,183807, A  ,10294,A,X,X,1.0,1.0,10.0,2003-03-06 15:45:00,,,,,,Unassociated
769,184422, A  ,10312,A,X,X,2.0,2.0,20.0,2003-03-07 15:30:00,,,,,,Unassociated
770,183842, B  ,10295,B,X,O,2.0,3.0,10.0,2003-03-08 01:40:00,,,,,,Unassociated
771,184331, B  ,10303,B,X,O,2.0,4.0,10.0,2003-03-08 12:30:00,,,,,,Unassociated
772,184163, B  ,10307,D,R,O,6.0,4.0,20.0,2003-03-09 00:12:00,,,,,,Unassociated
773,184449, A  ,10309,H,S,X,1.0,1.0,20.0,2003-03-10 00:41:00,,,,,,Unassociated
774,184156, B  ,10299,C,S,O,3.0,3.0,30.0,2003-03-10 12:20:00,,,,,,Unassociated
775,184207, B  ,10302,C,R,O,3.0,2.0,20.0,2003-03-11 00:35:00,,,,,,Unassociated
776,184327, B  ,10305,B,X,O,6.0,8.0,110.0,2003-03-11 14:36:00,,,,,,Unassociated
777,184183, A  ,10300,A,X,X,1.0,1.0,20.0,2003-03-14 12:30:00,,,,,,Unassociated
778,185688, A  ,10315,A,X,X,2.0,1.0,20.0,2003-03-16 00:22:00,,,,,,Unassociated
779,184446, B  ,10308,B,X,O,4.0,3.0,20.0,2003-03-16 12:02:00,,,,,,Unassociated
780,185683, B  ,10313,B,X,O,4.0,1.0,10.0,2003-03-17 12:20:00,,,,,,Unassociated
781,185715, A  ,10317,A,X,X,1.0,1.0,10.0,2003-03-22 00:17:00,,,,,,Unassociated
782,185706, B  ,10316,B,X,O,3.0,2.0,10.0,2003-03-23 15:15:00,,,,,,Unassociated
783,187516, A  ,10328,A,X,X,5.0,3.0,10.0,2003-04-02 15:00:00,,,,,,Unassociated
784,187524, A  ,10329,H,S,X,1.0,1.0,20.0,2003-04-04 08:01:00,,,,,,Unassociated
785,187514, A  ,10327,A,X,X,2.0,1.0,10.0,2003-04-04 12:00:00,,,,,,Unassociated
786,187594, B  ,10331,C,S,O,2.0,4.0,10.0,2003-04-10 11:55:00,,,,,,Unassociated
787,187616, B  ,10332,C,R,O,5.0,3.0,10.0,2003-04-15 12:10:00,,,,,,Unassociated
788,187666, A  ,10334,H,S,X,3.0,2.0,20.0,2003-04-22 00:30:00,,,,,,Unassociated
789,189586, B  ,10341,C,A,O,4.0,3.0,20.0,2003-04-23 00:26:00,,,,,,Unassociated
790,187710, B  ,10342,C,S,O,4.0,3.0,20.0,2003-04-27 12:21:00,,,,,,Unassociated
791,189597, B  ,10343,B,X,O,5.0,3.0,10.0,2003-04-27 12:21:00,,,,,,Unassociated
792,187745, B  ,10336,B,X,O,4.0,4.0,10.0,2003-04-28 00:35:00,,,,,,Unassociated
793,189579, B  ,10340,D,A,O,7.0,8.0,90.0,2003-04-30 14:21:00,,,,,,Unassociated
794,191366, B  ,10350,D,A,O,5.0,10.0,60.0,2003-05-02 00:45:00,,,,,,Unassociated
795,191404, B  ,10352,B,X,O,4.0,5.0,20.0,2003-05-02 00:45:00,,,,,,Unassociated
796,191151, B  ,10347,B,X,O,2.0,3.0,10.0,2003-05-03 01:45:00,,,,,,Unassociated
797,191434, A  ,10355,H,R,X,1.0,1.0,10.0,2003-05-07 00:30:00,,,,,,Unassociated
798,191409, B  ,10353,B,X,O,3.0,3.0,10.0,2003-05-11 03:10:00,,,,,,Unassociated
799,191399, A  ,10351,H,S,X,1.0,2.0,110.0,2003-05-12 14:25:00,,,,,,Unassociated
800,191492, A  ,10359,A,X,X,2.0,2.0,20.0,2003-05-16 14:05:00,,,,,,Unassociated
801,191426, B  ,10354,C,R,O,3.0,3.0,30.0,2003-05-17 00:15:00,,,,,,Unassociated
802,191458, B  ,10356,B,X,O,2.0,3.0,20.0,2003-05-19 01:36:00,,,,,,Unassociated
803,191513, B  ,10361,B,X,O,4.0,5.0,10.0,2003-05-20 00:52:00,,,,,,Unassociated
804,191505, B  ,10358,B,X,O,3.0,3.0,10.0,2003-05-20 00:52:00,,,,,,Unassociated
805,191486, B  ,10357,C,S,O,6.0,8.0,60.0,2003-05-22 14:30:00,,,,,,Unassociated
806,192668, A  ,10366,A,X,X,1.0,1.0,10.0,2003-05-24 01:15:00,,,,,,Unassociated
807,192843, A  ,10369,A,X,X,1.0,1.0,10.0,2003-05-24 01:15:00,,,,,,Unassociated
808,192840, A  ,10370,H,R,X,1.0,1.0,10.0,2003-05-26 07:00:00,,,,,,Unassociated
809,192847, B  ,10372,B,X,O,3.0,4.0,10.0,2003-05-28 00:24:00,,,,,,Unassociated
810,192662, A  ,10374,A,X,X,1.0,1.0,10.0,2003-05-29 00:15:00,,,,,,Unassociated
811,192690, A  ,10367,H,A,X,2.0,2.0,10.0,2003-05-29 14:18:00,,,,,,Unassociated
812,195934, A  ,10376,A,X,X,1.0,1.0,10.0,2003-06-08 15:45:00,,,,,,Unassociated
813,196485, B  ,10384,B,X,O,2.0,1.0,30.0,2003-06-15 01:00:00,,,,,,Unassociated
814,196466, B  ,10382,B,X,O,2.0,7.0,20.0,2003-06-15 01:00:00,,,,,,Unassociated
815,195965, A  ,10377,H,A,X,1.0,2.0,180.0,2003-06-15 13:57:00,,,,,,Unassociated
816,196452, A  ,10381,H,R,X,1.0,1.0,10.0,2003-06-16 05:23:00,,,,,,Unassociated
817,196477, A  ,10383,A,X,X,1.0,1.0,10.0,2003-06-21 07:13:00,,,,,,Unassociated
818,196503, B  ,10385,C,S,O,3.0,8.0,20.0,2003-06-21 14:00:00,,,,,,Unassociated
819,196971, A  ,10389,A,X,X,2.0,2.0,10.0,2003-06-21 14:00:00,,,,,,Unassociated
820,196899, B  ,10387,C,A,O,2.0,7.0,60.0,2003-06-30 00:22:00,,,,,,Unassociated
821,197147, A  ,10394,H,S,X,1.0,1.0,10.0,2003-07-02 04:55:00,,,,,,Unassociated
822,197129, A  ,10395,A,X,X,1.0,1.0,10.0,2003-07-03 02:00:00,,,,,,Unassociated
823,197092, A  ,10392,A,X,X,1.0,1.0,10.0,2003-07-03 02:00:00,,,,,,Unassociated
824,199209, B  ,10399,B,X,O,5.0,5.0,20.0,2003-07-04 00:19:00,,,,,,Unassociated
825,197005, A  ,10390,H,S,X,1.0,2.0,30.0,2003-07-04 00:19:00,,,,,,Unassociated
826,199200, B  ,10398,B,X,O,5.0,2.0,10.0,2003-07-06 14:50:00,,,,,,Unassociated
827,199647, A  ,10403,A,X,X,4.0,2.0,10.0,2003-07-11 15:00:00,,,,,,Unassociated
828,199741, A  ,10407,A,X,X,3.0,1.0,10.0,2003-07-16 14:00:00,,,,,,Unassociated
829,201568, A  ,10413,A,X,X,1.0,1.0,10.0,2003-07-21 16:36:00,,,,,,Unassociated
830,199713, A  ,10405,A,X,X,1.0,1.0,20.0,2003-07-22 15:05:00,,,,,,Unassociated
831,201955, B  ,10416,B,X,O,3.0,6.0,20.0,2003-07-23 01:31:00,,,,,,Unassociated
832,201660, A  ,10418,A,X,X,1.0,1.0,10.0,2003-07-24 01:37:00,,,,,,Unassociated
833,201391, A  ,10411,H,R,X,1.0,1.0,10.0,2003-07-26 08:43:00,,,,,,Unassociated
834,201603, A  ,10414,H,S,X,1.0,5.0,60.0,2003-07-29 06:15:00,,,,,,Unassociated
835,202005, A  ,10420,H,A,X,1.0,1.0,50.0,2003-08-06 01:40:00,,,,,,Unassociated
836,203118, B  ,10426,B,X,O,2.0,2.0,10.0,2003-08-06 01:40:00,,,,,,Unassociated
837,203127, A  ,10428,H,S,X,2.0,1.0,20.0,2003-08-07 01:46:00,,,,,,Unassociated
838,203171, B  ,10430,C,A,O,3.0,4.0,60.0,2003-08-12 15:00:00,,,,,,Unassociated
839,203155, B  ,10429,C,A,O,8.0,7.0,40.0,2003-08-14 15:45:00,,,,,,Unassociated
840,204417, B  ,10435,D,S,O,2.0,2.0,20.0,2003-08-18 01:04:00,,,,,,Unassociated
841,204403, A  ,10434,A,X,X,1.0,1.0,10.0,2003-08-20 06:26:00,,,,,,Unassociated
842,204410, A  ,10433,A,X,X,1.0,1.0,20.0,2003-08-21 12:33:00,,,,,,Unassociated
843,204381, A  ,10432,H,R,X,2.0,1.0,20.0,2003-08-21 12:33:00,,,,,,Unassociated
844,204717, A  ,10439,H,S,X,1.0,1.0,30.0,2003-08-25 14:45:00,,,,,,Unassociated
845,204735, A  ,10440,A,X,X,1.0,2.0,20.0,2003-08-27 00:45:00,,,,,,Unassociated
846,204987, A  ,10446,A,X,X,2.0,2.0,10.0,2003-08-28 18:35:00,,,,,,Unassociated
847,204962, B  ,10443,B,X,O,2.0,3.0,20.0,2003-08-29 02:40:00,,,,,,Unassociated
848,204764, A  ,10441,A,X,X,1.0,1.0,20.0,2003-08-30 01:30:00,,,,,,Unassociated
849,205029, B  ,10447,C,R,O,2.0,2.0,10.0,2003-08-31 01:25:00,,,,,,Unassociated
850,205019, B  ,10448,B,X,O,3.0,4.0,20.0,2003-09-04 08:35:00,,,,,,Unassociated
851,205122, B  ,10454,B,X,O,4.0,7.0,10.0,2003-09-07 15:30:00,,,,,,Unassociated
852,205109, A  ,10453,H,S,X,1.0,2.0,90.0,2003-09-08 02:07:00,,,,,,Unassociated
853,205128, B  ,10455,D,A,I,12.0,5.0,60.0,2003-09-09 00:49:00,,,,,,Unassociated
854,205234, A  ,10458,H,S,X,1.0,2.0,20.0,2003-09-16 00:21:00,,,,,,Unassociated
855,205225, A  ,10457,H,R,X,1.0,1.0,30.0,2003-09-16 06:40:00,,,,,,Unassociated
856,205274, B  ,10461,D,A,O,7.0,9.0,100.0,2003-09-19 15:08:00,,,,,,Unassociated
857,205289, A  ,10462,H,S,X,1.0,3.0,30.0,2003-09-20 09:25:00,,,,,,Unassociated
858,205310, A  ,10460,H,R,X,3.0,1.0,10.0,2003-09-23 00:10:00,,,,,,Unassociated
859,205261, B  ,10459,B,X,O,2.0,3.0,10.0,2003-09-23 09:10:00,,,,,,Unassociated
860,206844, B  ,10468,B,X,O,2.0,3.0,10.0,2003-09-23 17:04:00,,,,,,Unassociated
861,205344, A  ,10463,A,X,X,1.0,1.0,10.0,2003-09-28 01:55:00,,,,,,Unassociated
862,206797, B  ,10465,B,X,O,3.0,6.0,10.0,2003-09-28 14:34:00,,,,,,Unassociated
863,206843, B  ,10467,D,S,O,2.0,4.0,10.0,2003-10-01 00:10:00,,,,,,Unassociated
864,206856, A  ,10469,H,S,X,1.0,2.0,50.0,2003-10-01 14:26:00,,,,,,Unassociated
865,207345, B  ,10472,C,S,O,3.0,1.0,10.0,2003-10-05 00:33:00,,,,,,Unassociated
866,207347, A  ,10474,A,X,X,1.0,1.0,10.0,2003-10-05 15:20:00,,,,,,Unassociated
867,207354, B  ,10476,B,X,O,2.0,2.0,10.0,2003-10-07 00:26:00,,,,,,Unassociated
868,207390, A  ,10478,A,X,X,1.0,1.0,10.0,2003-10-11 00:58:00,,,,,,Unassociated
869,207352, A  ,10475,A,X,X,4.0,3.0,10.0,2003-10-13 15:50:00,,,,,,Unassociated
870,207414, A  ,10480,A,X,X,2.0,1.0,10.0,2003-10-17 00:33:00,,,,,,Unassociated
871,207384, A  ,10477,A,X,X,2.0,2.0,30.0,2003-10-17 14:57:00,,,,,,Unassociated
872,207408, A  ,10479,A,X,X,1.0,1.0,10.0,2003-10-21 00:14:00,,,,,,Unassociated
873,207429, A  ,10482,H,S,X,1.0,1.0,10.0,2003-10-22 00:21:00,,,,,,Unassociated
874,207451, B  ,10483,B,X,O,3.0,3.0,10.0,2003-10-23 15:00:00,,,,,,Unassociated
875,207441, B  ,10481,C,R,O,3.0,3.0,20.0,2003-10-24 01:45:00,,,,,,Unassociated
876,208996, A  ,10485,A,X,X,2.0,1.0,10.0,2003-10-24 01:45:00,,,,,,Unassociated
877,211246, B  ,10493,D,A,O,13.0,4.0,70.0,2003-10-30 01:25:00,,,,,,Unassociated
878,210587, A  ,10490,H,R,X,3.0,1.0,10.0,2003-10-30 01:25:00,,,,,,Unassociated
879,210604, B  ,10489,C,S,O,3.0,6.0,50.0,2003-11-02 02:21:00,,,,,,Unassociated
880,211263, A  ,10491,A,X,X,2.0,2.0,20.0,2003-11-02 15:45:00,,,,,,Unassociated
881,210576, A  ,10487,A,X,X,7.0,3.0,20.0,2003-11-05 00:57:00,,,,,,Unassociated
882,211306, A  ,10496,A,X,X,1.0,1.0,10.0,2003-11-05 00:57:00,,,,,,Unassociated
883,211294, A  ,10495,H,S,X,1.0,3.0,120.0,2003-11-07 00:40:00,,,,,,Unassociated
884,211318, B  ,10499,D,R,O,2.0,9.0,20.0,2003-11-12 01:01:00,,,,,,Unassociated
885,212207, B  ,10502,B,X,O,2.0,2.0,10.0,2003-11-15 01:13:00,,,,,,Unassociated
886,212213, B  ,10503,B,X,O,2.0,4.0,10.0,2003-11-17 15:11:00,,,,,,Unassociated
887,212217, B  ,10504,C,R,O,3.0,2.0,30.0,2003-11-19 00:03:00,,,,,,Unassociated
888,212227, B  ,10505,B,X,O,2.0,3.0,10.0,2003-11-23 00:08:00,,,,,,Unassociated
889,213903, A  ,10514,A,X,X,1.0,1.0,10.0,2003-11-28 00:22:00,,,,,,Unassociated
890,213870, A  ,10512,H,S,X,1.0,1.0,10.0,2003-11-30 16:10:00,,,,,,Unassociated
891,213995, B  ,10518,B,X,O,3.0,3.0,10.0,2003-12-04 00:46:00,,,,,,Unassociated
892,213926, A  ,10515,A,X,X,1.0,1.0,10.0,2003-12-06 00:15:00,,,,,,Unassociated
893,213959, A  ,10516,H,S,X,1.0,2.0,60.0,2003-12-10 01:05:00,,,,,,Unassociated
894,214681, A  ,10526,H,S,X,1.0,1.0,20.0,2003-12-18 15:55:00,,,,,,Unassociated
895,214070, A  ,10527,A,X,X,1.0,1.0,10.0,2003-12-19 00:10:00,,,,,,Unassociated
896,214100, B  ,10524,C,S,O,2.0,3.0,10.0,2003-12-20 15:22:00,,,,,,Unassociated
897,215568, A  ,10529,A,X,X,1.0,1.0,10.0,2003-12-23 00:19:00,,,,,,Unassociated
898,214029, A  ,10520,H,R,X,1.0,1.0,20.0,2003-12-23 00:19:00,,,,,,Unassociated
899,214087, A  ,10523,A,X,X,1.0,1.0,10.0,2003-12-24 00:13:00,,,,,,Unassociated
900,215609, B  ,10533,D,S,O,2.0,3.0,40.0,2003-12-28 15:24:00,,,,,,Unassociated
901,215608, A  ,10532,A,X,X,2.0,2.0,10.0,2003-12-30 16:35:00,,,,,,Unassociated
902,215622, A  ,10535,H,S,X,2.0,4.0,20.0,2004-01-05 11:50:00,,,,,,Unassociated
903,217354, B  ,10539,B,X,O,2.0,3.0,10.0,2004-01-08 20:45:00,,,,,,Unassociated
904,217351, B  ,10538,B,X,O,2.0,4.0,30.0,2004-01-14 01:00:00,,,,,,Unassociated
905,217922, A  ,10541,A,X,X,1.0,1.0,10.0,2004-01-19 00:45:00,,,,,,Unassociated
906,218007, B  ,10544,B,X,X,5.0,3.0,10.0,2004-01-26 16:00:00,,,,,,Unassociated
907,218016, B  ,10545,D,S,O,6.0,6.0,30.0,2004-01-30 15:04:00,,,,,,Unassociated
908,218086, B  ,10548,B,X,O,3.0,3.0,10.0,2004-02-01 01:20:00,,,,,,Unassociated
909,218029, A  ,10546,H,S,X,1.0,7.0,20.0,2004-02-03 02:30:00,,,,,,Unassociated
910,218222, B  ,10550,C,A,O,2.0,2.0,20.0,2004-02-04 00:40:00,,,,,,Unassociated
911,218349, A  ,10552,A,X,X,1.0,1.0,10.0,2004-02-06 00:38:00,,,,,,Unassociated
912,218826, A  ,10558,A,X,X,1.0,1.0,10.0,2004-02-16 00:30:00,,,,,,Unassociated
913,218841, B  ,10560,C,S,O,2.0,3.0,10.0,2004-02-16 14:44:00,,,,,,Unassociated
914,218835, A  ,10559,H,S,X,1.0,1.0,40.0,2004-02-16 14:44:00,,,,,,Unassociated
915,218807, A  ,10555,A,X,X,2.0,1.0,10.0,2004-02-18 14:52:00,,,,,,Unassociated
916,218856, A  ,10561,A,X,X,1.0,1.0,10.0,2004-02-22 00:20:00,,,,,,Unassociated
917,219436, A  ,10566,A,X,X,1.0,1.0,10.0,2004-02-25 00:35:00,,,,,,Unassociated
918,218880, B  ,10563,C,S,O,2.0,2.0,20.0,2004-02-28 00:30:00,,,,,,Unassociated
919,218863, A  ,10562,A,X,X,1.0,1.0,10.0,2004-02-28 00:30:00,,,,,,Unassociated
920,219706, B  ,10568,B,X,O,3.0,3.0,10.0,2004-02-29 00:25:00,,,,,,Unassociated
921,219432, A  ,10565,H,S,X,1.0,1.0,30.0,2004-03-03 07:12:00,,,,,,Unassociated
922,220221, B  ,10571,B,X,O,3.0,3.0,10.0,2004-03-11 01:46:00,,,,,,Unassociated
923,219724, A  ,10569,A,X,X,1.0,1.0,10.0,2004-03-12 01:11:00,,,,,,Unassociated
924,220604, B  ,10575,C,A,O,4.0,4.0,20.0,2004-03-18 14:30:00,,,,,,Unassociated
925,221300, A  ,10579,A,X,X,1.0,1.0,10.0,2004-03-25 00:55:00,,,,,,Unassociated
926,221303, A  ,10580,H,S,X,1.0,1.0,10.0,2004-03-25 06:01:00,,,,,,Unassociated
927,220260, B  ,10573,B,X,O,2.0,5.0,10.0,2004-03-27 07:50:00,,,,,,Unassociated
928,222202, B  ,10584,B,X,O,3.0,2.0,10.0,2004-03-29 15:00:00,,,,,,Unassociated
929,222623, A  ,10589,A,X,X,1.0,1.0,10.0,2004-04-07 00:30:00,,,,,,Unassociated
930,222240, A  ,10587,A,X,X,2.0,1.0,20.0,2004-04-08 00:23:00,,,,,,Unassociated
931,222652, A  ,10592,A,X,X,1.0,2.0,10.0,2004-04-19 03:50:00,,,,,,Unassociated
932,222948, A  ,10594,H,S,X,1.0,1.0,20.0,2004-04-20 05:02:00,,,,,,Unassociated
933,223183, B  ,10598,B,X,O,4.0,5.0,10.0,2004-04-22 14:24:00,,,,,,Unassociated
934,222962, B  ,10593,C,S,O,3.0,7.0,20.0,2004-04-22 14:24:00,,,,,,Unassociated
935,222986, B  ,10595,B,X,O,4.0,6.0,10.0,2004-04-24 02:21:00,,,,,,Unassociated
936,223386, B  ,10602,B,X,O,6.0,7.0,20.0,2004-05-01 07:12:00,,,,,,Unassociated
937,223513, B  ,10603,B,X,O,2.0,6.0,10.0,2004-05-04 01:42:00,,,,,,Unassociated
938,223525, B  ,10604,B,X,O,3.0,2.0,10.0,2004-05-09 00:58:00,,,,,,Unassociated
939,223580, A  ,10608,A,X,X,2.0,2.0,10.0,2004-05-16 14:53:00,,,,,,Unassociated
940,223925, A  ,10616,A,X,X,1.0,1.0,10.0,2004-05-17 01:00:00,,,,,,Unassociated
941,223568, B  ,10606,C,A,O,2.0,3.0,60.0,2004-05-20 00:30:00,,,,,,Unassociated
942,223737, A  ,10610,H,S,X,1.0,2.0,60.0,2004-05-20 07:40:00,,,,,,Unassociated
943,223792, A  ,10613,H,S,X,1.0,3.0,90.0,2004-05-26 05:10:00,,,,,,Unassociated
944,224826, B  ,10620,B,X,O,3.0,2.0,10.0,2004-05-30 01:00:00,,,,,,Unassociated
945,224876, B  ,10623,D,A,O,2.0,4.0,20.0,2004-06-02 00:30:00,,,,,,Unassociated
946,224892, A  ,10625,A,X,X,2.0,1.0,10.0,2004-06-04 14:14:00,,,,,,Unassociated
947,224910, A  ,10626,A,X,X,5.0,6.0,10.0,2004-06-07 00:55:00,,,,,,Unassociated
948,224925, A  ,10630,H,S,X,1.0,1.0,20.0,2004-06-08 13:45:00,,,,,,Unassociated
949,224929, B  ,10628,B,X,O,2.0,3.0,10.0,2004-06-09 00:30:00,,,,,,Unassociated
950,224888, A  ,10624,A,X,X,1.0,1.0,10.0,2004-06-09 00:30:00,,,,,,Unassociated
951,224904, B  ,10627,B,X,O,7.0,5.0,20.0,2004-06-09 14:08:00,,,,,,Unassociated
952,224874, B  ,10622,B,X,O,4.0,4.0,20.0,2004-06-11 00:35:00,,,,,,Unassociated
953,224921, B  ,10629,B,X,O,2.0,4.0,10.0,2004-06-11 14:28:00,,,,,,Unassociated
954,224947, A  ,10631,A,X,X,1.0,1.0,10.0,2004-06-18 00:30:00,,,,,,Unassociated
955,224980, A  ,10632,H,A,X,1.0,2.0,30.0,2004-06-22 01:20:00,,,,,,Unassociated
956,224992, A  ,10633,A,X,X,2.0,2.0,10.0,2004-06-24 01:39:00,,,,,,Unassociated
957,226190, B  ,10636,B,X,O,3.0,3.0,10.0,2004-06-25 00:37:00,,,,,,Unassociated
958,226204, BG ,10637,B,X,O,8.0,10.0,30.0,2004-06-29 00:41:00,,,,,,Unassociated
959,226240, A  ,10641,A,X,X,1.0,1.0,10.0,2004-07-06 14:10:00,,,,,,Unassociated
960,226239, B  ,10639,B,X,X,3.0,2.0,10.0,2004-07-08 03:19:00,,,,,,Unassociated
961,226277, B  ,10643,B,X,O,2.0,2.0,10.0,2004-07-11 03:55:00,,,,,,Unassociated
962,226523, B  ,10645,B,X,O,2.0,2.0,10.0,2004-07-12 14:16:00,,,,,,Unassociated
963,226531, B  ,10648,B,X,O,2.0,2.0,10.0,2004-07-15 14:06:00,,,,,,Unassociated
964,228339, B  ,10650,B,X,O,2.0,4.0,10.0,2004-07-18 01:35:00,,,,,,Unassociated
965,226270, B  ,10642,C,S,O,2.0,6.0,60.0,2004-07-18 05:35:00,,,,,,Unassociated
966,226519, A  ,10644,H,S,X,1.0,2.0,60.0,2004-07-22 05:53:00,,,,,,Unassociated
967,230916, B  ,10654,B,X,O,2.0,2.0,10.0,2004-08-04 14:15:00,,,,,,Unassociated
968,235652, A  ,10658,A,X,X,1.0,1.0,10.0,2004-08-08 00:42:00,,,,,,Unassociated
969,235665, B  ,10659,B,X,O,6.0,6.0,10.0,2004-08-13 15:15:00,,,,,,Unassociated
970,235648, A  ,10657,H,S,X,1.0,2.0,20.0,2004-08-15 05:50:00,,,,,,Unassociated
971,235682, A  ,10660,A,X,X,1.0,1.0,10.0,2004-08-17 00:45:00,,,,,,Unassociated
972,236018, B  ,10665,B,X,O,2.0,1.0,10.0,2004-08-23 00:15:00,,,,,,Unassociated
973,235851, B  ,10662,B,X,O,3.0,3.0,10.0,2004-08-23 14:15:00,,,,,,Unassociated
974,236012, A  ,10664,H,S,X,1.0,3.0,60.0,2004-08-29 07:45:00,,,,,,Unassociated
975,236020, A  ,10666,A,X,X,2.0,1.0,10.0,2004-09-02 14:24:00,,,,,,Unassociated
976,236099, A  ,10668,A,X,X,1.0,2.0,30.0,2004-09-07 02:10:00,,,,,,Unassociated
977,236105, A  ,10670,A,X,X,5.0,2.0,10.0,2004-09-08 00:30:00,,,,,,Unassociated
978,236211, A  ,10671,H,S,X,1.0,5.0,90.0,2004-09-11 06:30:00,,,,,,Unassociated
979,237099, A  ,10677,A,X,X,2.0,1.0,10.0,2004-10-02 00:24:00,,,,,,Unassociated
980,237049, A  ,10675,H,A,X,1.0,2.0,90.0,2004-10-07 14:35:00,,,,,,Unassociated
981,237093, B  ,10678,D,A,O,4.0,4.0,90.0,2004-10-08 15:05:00,,,,,,Unassociated
982,237080, A  ,10676,A,X,X,1.0,1.0,20.0,2004-10-09 02:08:00,,,,,,Unassociated
983,237118, A  ,10681,A,X,X,2.0,1.0,10.0,2004-10-16 17:00:00,,,,,,Unassociated
984,237586, A  ,10686,H,S,X,1.0,2.0,20.0,2004-10-20 01:43:00,,,,,,Unassociated
985,237542, B  ,10683,C,R,O,4.0,2.0,20.0,2004-10-22 09:10:00,,,,,,Unassociated
986,238669, A  ,10688,H,S,X,1.0,2.0,30.0,2004-10-23 09:33:00,,,,,,Unassociated
987,237578, A  ,10684,H,A,X,1.0,1.0,60.0,2004-10-29 01:42:00,,,,,,Unassociated
988,239849, A  ,10692,A,X,X,2.0,2.0,10.0,2004-10-30 18:35:00,,,,,,Unassociated
989,239862, A  ,10694,A,X,X,4.0,2.0,10.0,2004-10-31 18:15:00,,,,,,Unassociated
990,238813, A  ,10690,H,X,X,1.0,1.0,30.0,2004-11-03 00:11:00,,,,,,Unassociated
991,241984, A  ,10697,A,X,X,1.0,1.0,10.0,2004-11-07 00:05:00,,,,,,Unassociated
992,240472, A  ,10695,H,R,X,1.0,1.0,10.0,2004-11-07 08:10:00,,,,,,Unassociated
993,242379, B  ,10702,B,X,O,4.0,3.0,10.0,2004-11-20 15:45:00,,,,,,Unassociated
994,242358, A  ,10701,H,S,X,1.0,2.0,30.0,2004-11-23 02:40:00,,,,,,Unassociated
995,242383, A  ,10703,A,X,X,4.0,6.0,10.0,2004-11-24 00:44:00,,,,,,Unassociated
996,242366, B  ,10705,C,A,O,3.0,7.0,60.0,2004-11-25 00:15:00,,,,,,Unassociated
997,242414, A  ,10704,A,X,X,2.0,1.0,160.0,2004-11-29 17:47:00,,,,,,Unassociated
998,242952, BG ,10711,D,A,O,4.0,6.0,150.0,2004-12-15 00:42:00,,,,,,Unassociated
999,242959, B  ,10712,B,X,O,2.0,4.0,10.0,2004-12-19 15:08:00,,,,,,Unassociated
1000,243605, B  ,10714,C,R,O,2.0,5.0,10.0,2004-12-24 17:20:00,,,,,,Unassociated
1001,244255, A  ,10716,A,X,X,1.0,1.0,10.0,2005-01-07 00:30:00,,,,,,Unassociated
1002,247429, A  ,10722,A,X,X,1.0,1.0,10.0,2005-01-16 02:10:00,,,,,,Unassociated
1003,247428, B  ,10721,C,S,O,3.0,4.0,10.0,2005-01-18 15:17:00,,,,,,Unassociated
1004,247478, A  ,10726,A,X,X,1.0,2.0,80.0,2005-01-25 01:19:00,,,,,,Unassociated
1005,247467, A  ,10725,H,A,X,1.0,2.0,180.0,2005-01-25 01:19:00,,,,,,Unassociated
1006,247508, A  ,10728,A,X,X,1.0,1.0,10.0,2005-01-31 01:30:00,,,,,,Unassociated
1007,247500, A  ,10727,A,X,X,1.0,2.0,30.0,2005-02-03 01:00:00,,,,,,Unassociated
1008,247530, A  ,10731,A,X,X,1.0,1.0,10.0,2005-02-10 00:10:00,,,,,,Unassociated
1009,247557, A  ,10730,A,X,X,1.0,1.0,10.0,2005-02-14 00:12:00,,,,,,Unassociated
1010,248361, A  ,10737,A,X,X,2.0,1.0,20.0,2005-02-27 01:21:00,,,,,,Unassociated
1011,248379, B  ,10740,B,X,O,3.0,3.0,20.0,2005-03-03 04:15:00,,,,,,Unassociated
1012,248375, B  ,10739,B,X,O,2.0,2.0,90.0,2005-03-09 00:09:00,,,,,,Unassociated
1013,249032, A  ,10744,A,X,X,2.0,1.0,20.0,2005-03-25 01:29:00,,,,,,Unassociated
1014,249041, B  ,10746,D,S,O,8.0,4.0,30.0,2005-03-27 15:30:00,,,,,,Unassociated
1015,249156, A  ,10748,A,X,X,2.0,2.0,10.0,2005-04-06 00:37:00,,,,,,Unassociated
1016,249182, A  ,10749,A,X,X,1.0,1.0,10.0,2005-04-10 09:00:00,,,,,,Unassociated
1017,249226, A  ,10753,A,X,X,1.0,1.0,10.0,2005-04-16 01:30:00,,,,,,Unassociated
1018,249216, A  ,10750,H,R,X,1.0,1.0,30.0,2005-04-17 06:26:00,,,,,,Unassociated
1019,249317, B  ,10754,B,X,O,2.0,3.0,10.0,2005-04-27 14:00:00,,,,,,Unassociated
1020,249384, A  ,10757,H,S,X,1.0,1.0,20.0,2005-05-04 14:20:00,,,,,,Unassociated
1021,251575, A  ,10761,A,X,X,2.0,1.0,20.0,2005-05-10 07:46:00,,,,,,Unassociated
1022,250902, B  ,10764,C,S,O,4.0,3.0,60.0,2005-05-12 14:55:00,,,,,,Unassociated
1023,252092, A  ,10765,A,X,X,1.0,1.0,10.0,2005-05-22 14:00:00,,,,,,Unassociated
1024,252084, B  ,10768,B,X,O,2.0,5.0,20.0,2005-05-28 01:15:00,,,,,,Unassociated
1025,252111, B  ,10766,C,S,O,3.0,5.0,30.0,2005-05-28 21:54:00,,,,,,Unassociated
1026,252348, A  ,10771,A,X,X,1.0,1.0,10.0,2005-06-02 01:45:00,,,,,,Unassociated
1027,252368, B  ,10769,B,X,O,4.0,4.0,20.0,2005-06-03 01:06:00,,,,,,Unassociated
1028,253104, A  ,10774,A,X,X,1.0,1.0,20.0,2005-06-08 14:30:00,,,,,,Unassociated
1029,253803, A  ,10777,A,X,X,1.0,1.0,20.0,2005-06-11 01:59:00,,,,,,Unassociated
1030,253138, B  ,10773,B,X,O,3.0,2.0,30.0,2005-06-13 03:48:00,,,,,,Unassociated
1031,253798, A  ,10778,A,X,X,1.0,1.0,10.0,2005-06-16 01:56:00,,,,,,Unassociated
1032,254357, B  ,10781,B,X,O,3.0,2.0,10.0,2005-07-07 01:40:00,,,,,,Unassociated
1033,254438, A  ,10784,H,S,X,1.0,1.0,10.0,2005-07-07 08:20:00,,,,,,Unassociated
1034,256552, B  ,10793,C,S,O,4.0,4.0,20.0,2005-08-03 15:00:00,,,,,,Unassociated
1035,257533, B  ,10796,D,S,O,5.0,8.0,70.0,2005-08-09 14:17:00,,,,,,Unassociated
1036,257524, A  ,10795,A,X,X,1.0,1.0,30.0,2005-08-13 01:09:00,,,,,,Unassociated
1037,257536, B  ,10799,C,A,O,2.0,5.0,30.0,2005-08-20 00:50:00,,,,,,Unassociated
1038,257563, A  ,10797,H,A,X,1.0,3.0,60.0,2005-08-22 04:56:00,,,,,,Unassociated
1039,257741, A  ,10802,H,S,X,1.0,1.0,10.0,2005-08-25 01:23:00,,,,,,Unassociated
1040,257737, A  ,10801,A,X,X,1.0,1.0,20.0,2005-08-30 01:44:00,,,,,,Unassociated
1041,257751, B  ,10804,B,X,O,2.0,5.0,20.0,2005-09-02 13:38:00,,,,,,Unassociated
1042,257946, B  ,10805,D,A,O,2.0,2.0,40.0,2005-09-06 19:00:00,,,,,,Unassociated
1043,260841, A  ,10809,H,S,X,1.0,2.0,20.0,2005-09-13 14:10:00,,,,,,Unassociated
1044,260902, A  ,10812,A,X,X,1.0,1.0,10.0,2005-10-04 19:20:00,,,,,,Unassociated
1045,260970, A  ,10815,A,X,X,1.0,1.0,10.0,2005-10-29 01:05:00,,,,,,Unassociated
1046,260989, B  ,10818,B,X,O,3.0,4.0,20.0,2005-11-04 00:30:00,,,,,,Unassociated
1047,260999, B  ,10819,B,X,O,2.0,4.0,30.0,2005-11-08 00:17:00,,,,,,Unassociated
1048,261049, B  ,10823,C,S,O,2.0,5.0,30.0,2005-11-21 00:20:00,,,,,,Unassociated
1049,262246, A  ,10825,A,X,X,2.0,2.0,10.0,2005-11-27 02:21:00,,,,,,Unassociated
1050,262562, B  ,10827,D,R,O,6.0,4.0,50.0,2005-12-01 17:10:00,,,,,,Unassociated
1051,262556, B  ,10829,C,S,O,2.0,5.0,10.0,2005-12-04 15:49:00,,,,,,Unassociated
1052,262561, A  ,10831,B,X,X,2.0,2.0,30.0,2005-12-06 18:34:00,,,,,,Unassociated
1053,262572, B  ,10828,C,S,O,3.0,3.0,20.0,2005-12-06 18:34:00,,,,,,Unassociated
1054,262558, B  ,10832,D,S,O,4.0,7.0,90.0,2005-12-09 17:07:00,,,,,,Unassociated
1055,262576, B  ,10833,C,A,O,3.0,6.0,50.0,2005-12-11 00:32:00,,,,,,Unassociated
1056,262644, A  ,10834,H,S,X,1.0,1.0,30.0,2005-12-21 15:26:00,,,,,,Unassociated
1057,262701, A  ,10837,A,X,X,1.0,1.0,30.0,2005-12-25 01:23:00,,,,,,Unassociated
1058,262713, A  ,10839,A,X,X,1.0,1.0,30.0,2005-12-27 01:03:00,,,,,,Unassociated
1059,262718, B  ,10844,D,A,O,2.0,9.0,60.0,2005-12-31 05:12:00,,,,,,Unassociated
1060,262830, A  ,10840,A,X,X,1.0,1.0,20.0,2006-01-03 01:58:00,,,,,,Unassociated
1061,262862, A  ,10841,H,S,X,1.0,4.0,40.0,2006-01-05 08:31:00,,,,,,Unassociated
1062,262965, A  ,10845,H,S,X,1.0,1.0,20.0,2006-01-12 07:20:00,,,,,,Unassociated
1063,262978, A  ,10846,A,X,X,1.0,1.0,20.0,2006-01-19 03:50:00,,,,,,Unassociated
1064,262993, A  ,10847,A,X,X,1.0,1.0,10.0,2006-01-20 03:32:00,,,,,,Unassociated
1065,263186, A  ,10850,A,X,X,1.0,1.0,10.0,2006-01-25 02:20:00,,,,,,Unassociated
1066,263193, A  ,10849,A,X,X,1.0,1.0,10.0,2006-01-29 05:03:00,,,,,,Unassociated
1067,263196, A  ,10853,H,S,X,1.0,1.0,30.0,2006-02-11 16:14:00,,,,,,Unassociated
1068,263203, A  ,10852,A,X,X,1.0,1.0,20.0,2006-02-13 19:31:00,,,,,,Unassociated
1069,263224, A  ,10855,A,X,X,2.0,2.0,10.0,2006-02-17 01:26:00,,,,,,Unassociated
1070,263213, A  ,10854,A,X,X,1.0,1.0,10.0,2006-02-19 00:41:00,,,,,,Unassociated
1071,263235, A  ,10856,A,X,X,1.0,1.0,10.0,2006-03-08 01:17:00,,,,,,Unassociated
1072,263251, A  ,10857,A,X,X,1.0,1.0,10.0,2006-03-14 15:24:00,,,,,,Unassociated
1073,263259, B  ,10858,B,X,O,2.0,2.0,10.0,2006-03-16 05:23:00,,,,,,Unassociated
1074,263273, A  ,10860,A,X,X,2.0,2.0,20.0,2006-03-19 02:17:00,,,,,,Unassociated
1075,263368, B  ,10861,B,X,O,5.0,5.0,30.0,2006-03-24 15:09:00,,,,,,Unassociated
1076,263279, B  ,10863,B,X,O,3.0,3.0,30.0,2006-03-24 15:09:00,,,,,,Unassociated
1077,263606, B  ,10868,D,S,O,6.0,5.0,40.0,2006-04-06 14:38:00,,,,,,Unassociated
1078,263480, A  ,10866,A,X,X,1.0,1.0,30.0,2006-04-10 02:12:00,,,,,,Unassociated
1079,263628, A  ,10869,H,S,X,1.0,1.0,40.0,2006-04-14 14:45:00,,,,,,Unassociated
1080,263701, A  ,10873,H,S,X,1.0,1.0,10.0,2006-04-18 16:08:00,,,,,,Unassociated
1081,263721, B  ,10872,B,X,O,3.0,1.0,20.0,2006-04-19 01:29:00,,,,,,Unassociated
1082,264190, A  ,10877,A,X,X,2.0,1.0,10.0,2006-04-28 01:40:00,,,,,,Unassociated
1083,263740, A  ,10874,A,X,X,1.0,1.0,20.0,2006-04-30 14:31:00,,,,,,Unassociated
1084,264247, A  ,10879,A,X,X,1.0,1.0,10.0,2006-05-06 01:18:00,,,,,,Unassociated
1085,264234, A  ,10878,A,X,X,1.0,1.0,10.0,2006-05-07 01:37:00,,,,,,Unassociated
1086,264263, B  ,10882,D,A,O,3.0,12.0,90.0,2006-05-11 14:24:00,,,,,,Unassociated
1087,264318, B  ,10883,B,X,O,2.0,2.0,10.0,2006-05-13 00:38:00,,,,,,Unassociated
1088,264297, A  ,10880,A,X,X,1.0,2.0,30.0,2006-05-14 17:51:00,,,,,,Unassociated
1089,264345, B  ,10884,D,S,O,2.0,2.0,70.0,2006-05-25 15:56:00,,,,,,Unassociated
1090,264367, B  ,10885,C,R,O,3.0,2.0,20.0,2006-05-27 14:30:00,,,,,,Unassociated
1091,264323, B  ,10888,C,A,O,2.0,6.0,60.0,2006-05-28 07:05:00,,,,,,Unassociated
1092,264405, A  ,10889,H,S,X,2.0,2.0,20.0,2006-05-29 15:04:00,,,,,,Unassociated
1093,264374, A  ,10890,A,X,X,1.0,1.0,20.0,2006-05-31 15:17:00,,,,,,Unassociated
1094,264418, A  ,10887,A,X,X,1.0,1.0,10.0,2006-05-31 15:17:00,,,,,,Unassociated
1095,264400, A  ,10886,A,X,X,1.0,1.0,30.0,2006-06-01 15:50:00,,,,,,Unassociated
1096,264424, A  ,10891,A,X,X,1.0,1.0,20.0,2006-06-13 00:50:00,,,,,,Unassociated
1097,264541, A  ,10893,A,X,X,2.0,1.0,10.0,2006-06-14 00:50:00,,,,,,Unassociated
1098,264548, B  ,10894,B,X,O,4.0,2.0,20.0,2006-06-17 01:27:00,,,,,,Unassociated
1099,264562, B  ,10896,D,R,O,5.0,4.0,40.0,2006-06-21 09:10:00,,,,,,Unassociated
1100,264586, B  ,10897,B,X,O,2.0,3.0,10.0,2006-07-04 15:50:00,,,,,,Unassociated
1101,264802, A  ,10899,A,X,X,1.0,1.0,10.0,2006-07-13 05:15:00,,,,,,Unassociated
1102,264824, B  ,10900,B,X,O,2.0,3.0,20.0,2006-07-31 03:06:00,,,,,,Unassociated
1103,264855, B  ,10901,B,X,O,2.0,6.0,30.0,2006-08-03 01:14:00,,,,,,Unassociated
1104,264865, B  ,10902,C,R,O,2.0,7.0,30.0,2006-08-03 05:48:00,,,,,,Unassociated
1105,265560, A  ,10907,A,X,X,1.0,1.0,20.0,2006-09-13 01:19:00,,,,,,Unassociated
1106,265655, A  ,10911,A,X,X,1.0,1.0,10.0,2006-09-27 19:58:00,,,,,,Unassociated
1107,265658, A  ,10912,A,X,X,1.0,1.0,20.0,2006-09-29 16:08:00,,,,,,Unassociated
1108,265651, B  ,10915,D,R,O,3.0,10.0,70.0,2006-10-02 07:13:00,,,,,,Unassociated
1109,265721, A  ,10914,H,R,X,1.0,1.0,10.0,2006-10-08 07:05:00,,,,,,Unassociated
1110,265692, A  ,10913,A,X,X,1.0,1.0,30.0,2006-10-09 02:45:00,,,,,,Unassociated
1111,265724, A  ,10916,A,X,X,1.0,1.0,10.0,2006-10-10 16:20:00,,,,,,Unassociated
1112,265728, A  ,10918,H,R,X,2.0,3.0,30.0,2006-10-24 08:52:00,,,,,,Unassociated
1113,265745, B  ,10917,E,S,O,5.0,12.0,150.0,2006-10-28 10:12:00,,,,,,Unassociated
1114,265749, B  ,10919,B,X,O,3.0,2.0,20.0,2006-11-02 01:12:00,,,,,,Unassociated
1115,266175, A  ,10925,A,X,X,1.0,1.0,10.0,2006-11-24 00:40:00,,,,,,Unassociated
1116,266184, A  ,10928,A,X,X,2.0,2.0,20.0,2006-12-03 01:45:00,,,,,,Unassociated
1117,266352, B  ,10929,B,X,O,2.0,5.0,10.0,2006-12-05 15:50:00,,,,,,Unassociated
1118,268044, A  ,10931,A,X,X,1.0,1.0,10.0,2006-12-26 01:05:00,,,,,,Unassociated
1119,268041, B  ,10932,B,X,O,3.0,6.0,10.0,2006-12-27 18:34:00,,,,,,Unassociated
1120,268065, A  ,10934,A,X,X,1.0,1.0,10.0,2007-01-07 16:08:00,,,,,,Unassociated
1121,268243, A  ,10936,A,X,X,1.0,1.0,10.0,2007-01-11 00:18:00,,,,,,Unassociated
1122,268257, A  ,10937,A,X,X,1.0,1.0,20.0,2007-01-13 01:00:00,,,,,,Unassociated
1123,268235, A  ,10935,H,A,X,1.0,2.0,180.0,2007-01-14 04:00:00,,,,,,Unassociated
1124,268549, A  ,10941,A,X,X,1.0,1.0,10.0,2007-02-10 00:20:00,,,,,,Unassociated
1125,268567, A  ,10942,A,X,X,1.0,1.0,10.0,2007-02-23 03:51:00,,,,,,Unassociated
1126,268600, A  ,10944,A,X,X,1.0,1.0,20.0,2007-03-06 01:41:00,,,,,,Unassociated
1127,268614, A  ,10945,A,X,X,1.0,1.0,10.0,2007-03-07 01:30:00,,,,,,Unassociated
1128,268621, B  ,10946,B,X,O,2.0,6.0,30.0,2007-03-13 01:55:00,,,,,,Unassociated
1129,268628, A  ,10947,A,X,X,1.0,1.0,10.0,2007-03-25 02:11:00,,,,,,Unassociated
1130,268635, A  ,10948,A,X,X,1.0,1.0,20.0,2007-03-28 17:46:00,,,,,,Unassociated
1131,268644, A  ,10949,H,S,X,1.0,1.0,10.0,2007-04-03 15:30:00,,,,,,Unassociated
1132,268653, A  ,10952,A,X,X,1.0,1.0,30.0,2007-04-17 22:11:00,,,,,,Unassociated
1133,268659, B  ,10951,B,X,O,2.0,2.0,10.0,2007-04-20 07:20:00,,,,,,Unassociated
1134,268767, A  ,10954,B,X,O,3.0,3.0,20.0,2007-05-03 15:45:00,,,,,,Unassociated
1135,268786, A  ,10955,A,X,X,1.0,1.0,10.0,2007-05-16 00:59:00,,,,,,Unassociated
1136,268796, B  ,10957,B,X,O,3.0,4.0,20.0,2007-05-19 15:26:00,,,,,,Unassociated
1137,268873, A  ,10958,A,X,X,1.0,1.0,20.0,2007-06-08 05:22:00,,,,,,Unassociated
1138,268888, B  ,10959,D,A,O,4.0,6.0,40.0,2007-06-08 14:38:00,,,,,,Unassociated
1139,269498, A  ,10961,H,A,X,1.0,4.0,60.0,2007-07-07 19:16:00,,,,,,Unassociated
1140,269516, A  ,10964,H,R,X,2.0,1.0,20.0,2007-07-16 05:12:00,,,,,,Unassociated
1141,269906, A  ,10965,A,X,X,1.0,1.0,10.0,2007-07-31 01:33:00,,,,,,Unassociated
1142,269967, A  ,10968,A,X,X,1.0,1.0,30.0,2007-08-15 01:30:00,,,,,,Unassociated
1143,270016, B  ,10970,B,X,X,2.0,5.0,10.0,2007-09-06 00:58:00,,,,,,Unassociated
1144,270028, B  ,10971,B,X,O,2.0,3.0,20.0,2007-10-01 17:07:00,,,,,,Unassociated
1145,270032, B  ,10972,B,X,O,2.0,7.0,20.0,2007-10-07 17:40:00,,,,,,Unassociated
1146,270037, A  ,10973,A,X,X,1.0,1.0,10.0,2007-11-13 18:11:00,,,,,,Unassociated
1147,270039, BG ,10974,D,A,O,3.0,3.0,40.0,2007-11-17 01:03:00,,,,,,Unassociated
1148,270043, A  ,10975,A,X,X,1.0,1.0,10.0,2007-11-26 12:53:00,,,,,,Unassociated
1149,270046, B  ,10976,B,X,O,2.0,2.0,10.0,2007-12-02 01:27:00,,,,,,Unassociated
1150,270064, B  ,10977,B,X,O,3.0,2.0,10.0,2007-12-06 17:44:00,,,,,,Unassociated
1151,270053, A  ,10979,H,A,X,1.0,1.0,60.0,2007-12-10 02:20:00,,,,,,Unassociated
1152,270216, A  ,10981,A,X,X,2.0,2.0,20.0,2008-01-06 00:56:00,,,,,,Unassociated
1153,270264, A  ,10982,A,X,X,2.0,2.0,10.0,2008-02-04 10:20:00,,,,,,Unassociated
1154,270274, B  ,10983,B,X,O,2.0,6.0,30.0,2008-02-28 09:15:00,,,,,,Unassociated
1155,270280, B  ,10984,B,X,O,2.0,4.0,150.0,2008-03-10 08:57:00,,,,,,Unassociated
1156,270286, A  ,10986,A,X,X,1.0,1.0,10.0,2008-03-17 00:45:00,,,,,,Unassociated
1157,270311, A  ,10987,A,X,X,2.0,1.0,60.0,2008-04-02 03:42:00,,,,,,Unassociated
1158,270318, B  ,10988,B,X,O,5.0,3.0,60.0,2008-04-03 16:24:00,,,,,,Unassociated
1159,270357, B  ,10990,B,X,O,2.0,3.0,10.0,2008-04-15 03:03:00,,,,,,Unassociated
1160,270361, A  ,10991,A,X,X,2.0,1.0,20.0,2008-04-20 01:00:00,,,,,,Unassociated
1161,270370, A  ,10992,A,X,X,1.0,1.0,10.0,2008-04-24 17:00:00,,,,,,Unassociated
1162,270375, B  ,10993,B,X,O,5.0,5.0,30.0,2008-05-05 07:00:00,,,,,,Unassociated
1163,270392, A  ,10995,A,X,X,1.0,1.0,10.0,2008-05-17 07:48:00,,,,,,Unassociated
1164,270387, A  ,10994,A,X,X,1.0,1.0,10.0,2008-05-20 14:17:00,,,,,,Unassociated
1165,270407, A  ,10996,A,X,X,2.0,1.0,10.0,2008-05-26 08:43:00,,,,,,Unassociated
1166,270422, B  ,10998,C,S,O,2.0,2.0,10.0,2008-06-13 07:00:00,,,,,,Unassociated
1167,270444, A  ,10999,A,X,X,1.0,1.0,10.0,2008-06-24 15:50:00,,,,,,Unassociated
1168,270451, A  ,11000,A,X,X,1.0,1.0,10.0,2008-08-22 16:00:00,,,,,,Unassociated
1169,270453, B  ,11001,B,X,O,2.0,3.0,20.0,2008-09-11 07:30:00,,,,,,Unassociated
1170,270462, A  ,11002,A,X,X,1.0,1.0,10.0,2008-09-30 08:51:00,,,,,,Unassociated
1171,270465, A  ,11003,A,X,X,1.0,1.0,10.0,2008-10-04 17:17:00,,,,,,Unassociated
1172,270468, A  ,11004,A,X,X,2.0,1.0,10.0,2008-10-10 07:15:00,,,,,,Unassociated
1173,270487, B  ,11005,B,X,O,3.0,4.0,20.0,2008-10-16 10:00:00,,,,,,Unassociated
1174,270473, A  ,11006,A,X,X,1.0,1.0,30.0,2008-10-17 11:00:00,,,,,,Unassociated
1175,270526, A  ,11008,A,X,X,1.0,1.0,10.0,2008-11-19 22:41:00,,,,,,Unassociated
1176,270545, A  ,11010,A,X,X,1.0,1.0,10.0,2009-01-13 04:46:00,,,,,,Unassociated
1177,270549, A  ,11011,A,X,X,1.0,1.0,10.0,2009-01-27 20:10:00,,,,,,Unassociated
1178,270556, A  ,11012,A,X,X,1.0,1.0,10.0,2009-02-13 19:38:00,,,,,,Unassociated
1179,270562, B  ,11013,B,X,O,2.0,2.0,10.0,2009-02-26 10:38:00,,,,,,Unassociated
1180,270568, B  ,11014,B,X,O,2.0,3.0,10.0,2009-03-26 04:04:00,,,,,,Unassociated
1181,270570, A  ,11015,A,X,X,1.0,1.0,30.0,2009-04-22 08:15:00,,,,,,Unassociated
1182,270573, A  ,11016,A,X,X,2.0,2.0,10.0,2009-04-30 15:16:00,,,,,,Unassociated
1183,270587, B  ,11017,B,X,O,3.0,3.0,30.0,2009-05-19 02:08:00,,,,,,Unassociated
1184,270591, B  ,11018,B,X,O,2.0,4.0,20.0,2009-05-31 06:00:00,,,,,,Unassociated
1185,270603, B  ,11019,B,X,O,3.0,3.0,30.0,2009-06-05 09:30:00,,,,,,Unassociated
1186,270608, A  ,11020,H,R,X,2.0,2.0,30.0,2009-06-12 11:10:00,,,,,,Unassociated
1187,270627, B  ,11023,B,X,O,1.0,1.0,10.0,2009-06-25 02:34:00,,,,,,Unassociated
1188,270675, B  ,11025,B,X,O,2.0,3.0,20.0,2009-09-18 16:17:00,,,,,,Unassociated
1189,270701, A  ,11027,A,X,X,1.0,1.0,20.0,2009-10-17 03:00:00,,,,,,Unassociated
1190,270870, A  ,11028,A,X,X,1.0,1.0,10.0,2009-10-23 15:08:00,,,,,,Unassociated
1191,270883, A  ,11030,A,X,X,1.0,1.0,20.0,2009-11-14 05:40:00,,,,,,Unassociated
1192,270889, B  ,11031,B,X,O,2.0,4.0,10.0,2009-11-16 17:21:00,,,,,,Unassociated
1193,270909, B  ,11032,B,X,O,2.0,2.0,10.0,2009-11-20 01:14:00,,,,,,Unassociated
1194,270918, B  ,11033,B,X,O,3.0,6.0,30.0,2009-11-22 01:10:00,,,,,,Unassociated
1195,270905, A  ,11034,A,X,X,2.0,1.0,10.0,2009-12-15 16:20:00,,,,,,Unassociated
1196,271039, A  ,11037,A,X,X,1.0,1.0,10.0,2009-12-23 03:08:00,,,,,,Unassociated
1197,271036, A  ,11038,A,X,X,1.0,1.0,30.0,2009-12-24 03:08:00,,,,,,Unassociated
1198,271280, A  ,11042,H,S,X,1.0,5.0,60.0,2010-01-26 09:45:00,,,,,,Unassociated
1199,271803, A  ,11043,A,X,X,1.0,1.0,10.0,2010-02-07 07:50:00,,,,,,Unassociated
1200,272313, A  ,11047,A,X,X,1.0,0.0,10.0,2010-02-09 17:36:00,,,,,,Unassociated
1201,272323, A  ,11051,A,X,X,1.0,0.0,10.0,2010-03-05 06:31:00,,,,,,Unassociated
1202,272345, A  ,11053,A,X,X,1.0,1.0,10.0,2010-03-05 15:57:00,,,,,,Unassociated
1203,272436, B  ,11055,C,S,O,3.0,3.0,40.0,2010-03-12 06:50:00,,,,,,Unassociated
1204,272454, BG ,11056,D,H,O,6.0,7.0,410.0,2010-03-25 01:55:00,,,,,,Unassociated
1205,272620, A  ,11058,A,X,X,1.0,1.0,10.0,2010-03-26 02:30:00,,,,,,Unassociated
1206,272649, A  ,11059,A,X,X,1.0,1.0,10.0,2010-04-06 15:43:00,,,,,,Unassociated
1207,272660, A  ,11060,A,X,X,1.0,1.0,0.0,2010-04-08 08:43:00,,,,,,Unassociated
1208,272674, A  ,11061,A,X,X,1.0,1.0,40.0,2010-04-10 14:50:00,,,,,,Unassociated
1209,272677, B  ,11062,B,X,O,2.0,2.0,10.0,2010-04-14 01:50:00,,,,,,Unassociated
1210,272683, A  ,11064,A,X,X,1.0,1.0,0.0,2010-05-02 06:05:00,,,,,,Unassociated
1211,272711, B  ,11065,B,X,O,3.0,2.0,20.0,2010-05-03 03:54:00,,,,,,Unassociated
1212,272717, A  ,11066,A,X,X,1.0,1.0,10.0,2010-05-05 04:06:00,,,,,,Unassociated
1213,272710, B  ,11063,B,X,O,2.0,1.0,30.0,2010-05-05 18:05:00,,,,,,Unassociated
1214,272803, BG ,11070,E,S,C,9.0,13.0,120.0,2010-05-06 08:45:00,,,,,,Unassociated
1215,272722, A  ,11068,A,X,X,1.0,0.0,0.0,2010-05-07 07:58:00,,,,,,Unassociated
1216,272826, B  ,11072,C,R,O,2.0,2.0,40.0,2010-05-28 16:10:00,,,,,,Unassociated
1217,272849, A  ,11073,A,X,X,1.0,1.0,10.0,2010-06-04 14:00:00,,,,,,Unassociated
1218,272863, A  ,11076,A,X,X,1.0,0.0,0.0,2010-06-07 07:18:00,,,,,,Unassociated
1219,272874, A  ,11078,A,X,X,1.0,0.0,0.0,2010-06-12 07:10:00,,,,,,Unassociated
1220,272976, A  ,11082,A,X,X,2.0,1.0,0.0,2010-06-25 06:53:00,,,,,,Unassociated
1221,273014, A  ,11086,A,X,X,1.0,1.0,0.0,2010-07-07 15:06:00,,,,,,Unassociated
1222,273007, A  ,11084,H,S,X,1.0,1.0,60.0,2010-07-08 14:19:00,,,,,,Unassociated
1223,273238, A  ,11090,A,X,X,1.0,1.0,10.0,2010-07-26 10:36:00,,,,,,Unassociated
1224,273346, B  ,11094,B,X,O,3.0,11.0,30.0,2010-08-07 06:10:00,,,,,,Unassociated
1225,273364, A  ,11095,A,X,X,1.0,1.0,10.0,2010-08-11 14:47:00,,,,,,Unassociated
1226,273372, A  ,11096,A,X,X,1.0,0.0,0.0,2010-08-12 07:45:00,,,,,,Unassociated
1227,273377, A  ,11097,A,X,X,1.0,1.0,10.0,2010-08-12 14:14:00,,,,,,Unassociated
1228,273392, A  ,11098,A,X,X,1.0,1.0,10.0,2010-08-18 14:55:00,,,,,,Unassociated
1229,273469, A  ,11100,A,X,X,2.0,2.0,20.0,2010-08-26 14:51:00,,,,,,Unassociated
1230,273517, A  ,11102,A,X,X,1.0,1.0,20.0,2010-09-03 16:29:00,,,,,,Unassociated
1231,273525, A  ,11103,A,X,X,1.0,0.0,0.0,2010-09-05 07:15:00,,,,,,Unassociated
1232,273503, A  ,11101,H,S,X,1.0,2.0,120.0,2010-09-05 15:48:00,,,,,,Unassociated
1233,273585, A  ,11106,A,X,X,1.0,1.0,10.0,2010-09-21 15:02:00,,,,,,Unassociated
1234,272845, A  ,11111,A,X,X,1.0,0.0,0.0,2010-10-08 06:45:00,,,,,,Unassociated
1235,274091, B  ,11114,B,X,O,2.0,2.0,20.0,2010-10-15 05:20:00,,,,,,Unassociated
1236,274127, A  ,11116,A,X,X,1.0,1.0,10.0,2010-10-18 18:46:00,,,,,,Unassociated
1237,274305, A  ,11118,A,X,X,1.0,0.0,0.0,2010-10-20 08:43:00,,,,,,Unassociated
1238,274090, A  ,11113,H,S,X,1.0,2.0,60.0,2010-10-26 03:45:00,,,,,,Unassociated
1239,274123, A  ,11115,H,S,X,1.0,1.0,30.0,2010-10-27 11:23:00,,,,,,Unassociated
1240,274328, A  ,11120,A,X,X,2.0,1.0,10.0,2010-11-06 01:57:00,,,,,,Unassociated
1241,270613, B  ,11021,E,S,I,9.0,13.0,110.0,2010-11-07 04:00:00,,,,,,Unassociated
1242,270618, A  ,11022,A,X,X,1.0,1.0,10.0,2010-11-07 04:00:00,,,,,,Unassociated
1243,274505, B  ,11122,B,X,O,2.0,2.0,20.0,2010-11-10 15:55:00,,,,,,Unassociated
1244,274737, B  ,11125,B,X,O,2.0,2.0,10.0,2010-11-16 01:47:00,,,,,,Unassociated
1245,274761, B  ,11126,B,X,O,2.0,9.0,20.0,2010-11-22 00:22:00,,,,,,Unassociated
1246,274792, B  ,11128,B,X,O,2.0,3.0,10.0,2010-11-26 16:11:00,,,,,,Unassociated
1247,274789, A  ,11127,A,X,X,1.0,1.0,30.0,2010-11-27 17:15:00,,,,,,Unassociated
1248,274794, A  ,11129,A,X,X,1.0,1.0,10.0,2010-11-29 02:14:00,,,,,,Unassociated
1249,274850, A  ,11132,A,X,X,1.0,1.0,10.0,2010-12-11 00:39:00,,,,,,Unassociated
1250,274884, A  ,11134,A,X,X,1.0,0.0,0.0,2010-12-14 11:58:00,,,,,,Unassociated
1251,274842, A  ,11131,H,S,X,1.0,3.0,120.0,2010-12-14 18:47:00,,,,,,Unassociated
1252,274888, B  ,11136,B,X,O,2.0,4.0,20.0,2010-12-26 01:55:00,,,,,,Unassociated
1253,274904, A  ,11139,A,X,X,1.0,0.0,10.0,2010-12-30 00:20:00,,,,,,Unassociated
1254,274893, B  ,11137,D,A,O,2.0,4.0,40.0,2010-12-31 06:00:00,,,,,,Unassociated
